GAME_DATE,METRIC_TYPE,METRIC_VALUE,TEAM_ID,TEAM_NAME
2024-10-22,TEAM,1.0,1610612747.0,Los Angeles Lakers
2024-10-22,TEAM,1.0,1610612750.0,Minnesota Timberwolves
2024-10-22,TEAM,1.0,1610612738.0,Boston Celtics
2024-10-22,TEAM,1.0,1610612752.0,New York Knicks
2024-10-23,TEAM,0.0,1610612745.0,Houston Rockets
2024-10-23,TEAM,0.0,1610612766.0,Charlotte Hornets
2024-10-23,TEAM,1.0,1610612737.0,Atlanta Hawks
2024-10-23,TEAM,1.0,1610612751.0,Brooklyn Nets
2024-10-23,TEAM,1.0,1610612765.0,Detroit Pistons
2024-10-23,TEAM,1.0,1610612754.0,Indiana Pacers
2024-10-23,TEAM,1.0,1610612757.0,Portland Trail Blazers
2024-10-23,TEAM,1.0,1610612744.0,Golden State Warriors
2024-10-23,TEAM,1.0,1610612746.0,LA Clippers
2024-10-23,TEAM,1.0,1610612756.0,Phoenix Suns
2024-10-23,TEAM,0.0,1610612740.0,New Orleans Pelicans
2024-10-23,TEAM,0.0,1610612741.0,Chicago Bulls
2024-10-23,TEAM,0.0,1610612748.0,Miami Heat
2024-10-23,TEAM,0.0,1610612753.0,Orlando Magic
2024-10-23,TEAM,1.0,1610612761.0,Toronto Raptors
2024-10-23,TEAM,1.0,1610612739.0,Cleveland Cavaliers
2024-10-23,TEAM,1.0,1610612762.0,Utah Jazz
2024-10-23,TEAM,1.0,1610612763.0,Memphis Grizzlies
2024-10-23,TEAM,0.0,1610612755.0,Philadelphia 76ers
2024-10-23,TEAM,0.0,1610612749.0,Milwaukee Bucks
2024-10-24,TEAM,1.0,1610612743.0,Denver Nuggets
2024-10-24,TEAM,1.0,1610612760.0,Oklahoma City Thunder
2024-10-24,TEAM,1.0,1610612764.0,Washington Wizards
2024-10-24,TEAM,1.0,1610612738.0,Boston Celtics
2024-10-24,TEAM,1.0,1610612758.0,Sacramento Kings
2024-10-24,TEAM,1.0,1610612750.0,Minnesota Timberwolves
2024-10-24,TEAM,1.0,1610612742.0,Dallas Mavericks
2024-10-24,TEAM,1.0,1610612759.0,San Antonio Spurs
2024-10-25,TEAM,1.0,1610612737.0,Atlanta Hawks
2024-10-25,TEAM,0.5,1610612766.0,Charlotte Hornets
2024-10-25,TEAM,1.0,1610612747.0,Los Angeles Lakers
2024-10-25,TEAM,1.0,1610612756.0,Phoenix Suns
2024-10-25,TEAM,0.5,1610612745.0,Houston Rockets
2024-10-25,TEAM,1.0,1610612763.0,Memphis Grizzlies
2024-10-25,TEAM,1.0,1610612739.0,Cleveland Cavaliers
2024-10-25,TEAM,1.0,1610612765.0,Detroit Pistons
2024-10-25,TEAM,1.0,1610612762.0,Utah Jazz
2024-10-25,TEAM,1.0,1610612744.0,Golden State Warriors
2024-10-25,TEAM,0.5,1610612752.0,New York Knicks
2024-10-25,TEAM,0.5,1610612754.0,Indiana Pacers
2024-10-25,TEAM,0.5,1610612753.0,Orlando Magic
2024-10-25,TEAM,1.0,1610612751.0,Brooklyn Nets
2024-10-25,TEAM,0.5,1610612761.0,Toronto Raptors
2024-10-25,TEAM,0.0,1610612755.0,Philadelphia 76ers
2024-10-25,TEAM,0.5,1610612749.0,Milwaukee Bucks
2024-10-25,TEAM,0.5,1610612741.0,Chicago Bulls
2024-10-25,TEAM,1.0,1610612757.0,Portland Trail Blazers
2024-10-25,TEAM,0.5,1610612740.0,New Orleans Pelicans
2024-10-26,TEAM,1.0,1610612764.0,Washington Wizards
2024-10-26,TEAM,1.0,1610612739.0,Cleveland Cavaliers
2024-10-26,TEAM,0.6666666666666666,1610612741.0,Chicago Bulls
2024-10-26,TEAM,1.0,1610612760.0,Oklahoma City Thunder
2024-10-26,TEAM,0.5,1610612759.0,San Antonio Spurs
2024-10-26,TEAM,0.3333333333333333,1610612745.0,Houston Rockets
2024-10-26,TEAM,1.0,1610612765.0,Detroit Pistons
2024-10-26,TEAM,1.0,1610612738.0,Boston Celtics
2024-10-26,TEAM,0.6666666666666666,1610612766.0,Charlotte Hornets
2024-10-26,TEAM,0.5,1610612748.0,Miami Heat
2024-10-26,TEAM,1.0,1610612750.0,Minnesota Timberwolves
2024-10-26,TEAM,0.6666666666666666,1610612761.0,Toronto Raptors
2024-10-26,TEAM,0.6666666666666666,1610612763.0,Memphis Grizzlies
2024-10-26,TEAM,0.3333333333333333,1610612753.0,Orlando Magic
2024-10-26,TEAM,0.5,1610612743.0,Denver Nuggets
2024-10-26,TEAM,0.5,1610612746.0,LA Clippers
2024-10-26,TEAM,1.0,1610612747.0,Los Angeles Lakers
2024-10-26,TEAM,1.0,1610612758.0,Sacramento Kings
2024-10-26,TEAM,0.6666666666666666,1610612756.0,Phoenix Suns
2024-10-26,TEAM,0.5,1610612742.0,Dallas Mavericks
2024-10-27,TEAM,0.6666666666666666,1610612751.0,Brooklyn Nets
2024-10-27,TEAM,0.3333333333333333,1610612749.0,Milwaukee Bucks
2024-10-27,TEAM,0.6666666666666666,1610612744.0,Golden State Warriors
2024-10-27,TEAM,0.3333333333333333,1610612746.0,LA Clippers
2024-10-27,TEAM,0.3333333333333333,1610612754.0,Indiana Pacers
2024-10-27,TEAM,0.0,1610612755.0,Philadelphia 76ers
2024-10-27,TEAM,0.6666666666666666,1610612757.0,Portland Trail Blazers
2024-10-27,TEAM,0.3333333333333333,1610612740.0,New Orleans Pelicans
2024-10-27,TEAM,1.0,1610612760.0,Oklahoma City Thunder
2024-10-27,TEAM,1.0,1610612737.0,Atlanta Hawks
2024-10-28,TEAM,0.3333333333333333,1610612752.0,New York Knicks
2024-10-28,TEAM,0.75,1610612739.0,Cleveland Cavaliers
2024-10-28,TEAM,0.75,1610612761.0,Toronto Raptors
2024-10-28,TEAM,0.6666666666666666,1610612743.0,Denver Nuggets
2024-10-28,TEAM,0.75,1610612763.0,Memphis Grizzlies
2024-10-28,TEAM,0.75,1610612741.0,Chicago Bulls
2024-10-28,TEAM,0.6666666666666666,1610612742.0,Dallas Mavericks
2024-10-28,TEAM,1.0,1610612762.0,Utah Jazz
2024-10-28,TEAM,0.3333333333333333,1610612759.0,San Antonio Spurs
2024-10-28,TEAM,0.25,1610612745.0,Houston Rockets
2024-10-28,TEAM,0.6666666666666666,1610612748.0,Miami Heat
2024-10-28,TEAM,1.0,1610612765.0,Detroit Pistons
2024-10-28,TEAM,1.0,1610612738.0,Boston Celtics
2024-10-28,TEAM,0.5,1610612749.0,Milwaukee Bucks
2024-10-28,TEAM,1.0,1610612758.0,Sacramento Kings
2024-10-28,TEAM,0.75,1610612757.0,Portland Trail Blazers
2024-10-28,TEAM,0.5,1610612753.0,Orlando Magic
2024-10-28,TEAM,0.5,1610612754.0,Indiana Pacers
2024-10-28,TEAM,0.5,1610612756.0,Phoenix Suns
2024-10-28,TEAM,0.75,1610612747.0,Los Angeles Lakers
2024-10-28,TEAM,0.75,1610612737.0,Atlanta Hawks
2024-10-28,TEAM,0.6666666666666666,1610612764.0,Washington Wizards
2024-10-29,TEAM,0.75,1610612751.0,Brooklyn Nets
2024-10-29,TEAM,0.75,1610612743.0,Denver Nuggets
2024-10-29,TEAM,1.0,1610612750.0,Minnesota Timberwolves
2024-10-29,TEAM,0.75,1610612742.0,Dallas Mavericks
2024-10-29,TEAM,1.0,1610612762.0,Utah Jazz
2024-10-29,TEAM,1.0,1610612758.0,Sacramento Kings
2024-10-29,TEAM,0.75,1610612744.0,Golden State Warriors
2024-10-29,TEAM,0.5,1610612740.0,New Orleans Pelicans
2024-10-30,TEAM,0.4,1610612754.0,Indiana Pacers
2024-10-30,TEAM,0.8,1610612738.0,Boston Celtics
2024-10-30,TEAM,0.6,1610612741.0,Chicago Bulls
2024-10-30,TEAM,0.4,1610612753.0,Orlando Magic
2024-10-30,TEAM,0.25,1610612746.0,LA Clippers
2024-10-30,TEAM,0.6,1610612757.0,Portland Trail Blazers
2024-10-30,TEAM,1.0,1610612760.0,Oklahoma City Thunder
2024-10-30,TEAM,0.5,1610612759.0,San Antonio Spurs
2024-10-30,TEAM,0.6,1610612739.0,Cleveland Cavaliers
2024-10-30,TEAM,0.6,1610612747.0,Los Angeles Lakers
2024-10-30,TEAM,0.5,1610612766.0,Charlotte Hornets
2024-10-30,TEAM,0.6,1610612761.0,Toronto Raptors
2024-10-30,TEAM,0.8,1610612763.0,Memphis Grizzlies
2024-10-30,TEAM,0.8,1610612751.0,Brooklyn Nets
2024-10-30,TEAM,0.5,1610612764.0,Washington Wizards
2024-10-30,TEAM,0.6,1610612737.0,Atlanta Hawks
2024-10-30,TEAM,0.0,1610612755.0,Philadelphia 76ers
2024-10-30,TEAM,0.8,1610612765.0,Detroit Pistons
2024-10-30,TEAM,0.75,1610612748.0,Miami Heat
2024-10-30,TEAM,0.5,1610612752.0,New York Knicks
2024-10-30,TEAM,0.8,1610612744.0,Golden State Warriors
2024-10-30,TEAM,0.6,1610612740.0,New Orleans Pelicans
2024-10-31,TEAM,0.6,1610612742.0,Dallas Mavericks
2024-10-31,TEAM,0.2,1610612745.0,Houston Rockets
2024-10-31,TEAM,0.4,1610612746.0,LA Clippers
2024-10-31,TEAM,0.6,1610612756.0,Phoenix Suns
2024-10-31,TEAM,0.6666666666666666,1610612763.0,Memphis Grizzlies
2024-10-31,TEAM,0.4,1610612749.0,Milwaukee Bucks
2024-10-31,TEAM,1.0,1610612762.0,Utah Jazz
2024-10-31,TEAM,0.6,1610612759.0,San Antonio Spurs
2024-11-01,TEAM,0.6666666666666666,1610612761.0,Toronto Raptors
2024-11-01,TEAM,0.6666666666666666,1610612747.0,Los Angeles Lakers
2024-11-01,TEAM,0.6,1610612766.0,Charlotte Hornets
2024-11-01,TEAM,0.8333333333333334,1610612738.0,Boston Celtics
2024-11-01,TEAM,0.6666666666666666,1610612739.0,Cleveland Cavaliers
2024-11-01,TEAM,0.5,1610612753.0,Orlando Magic
2024-11-01,TEAM,0.5,1610612740.0,New Orleans Pelicans
2024-11-01,TEAM,0.3333333333333333,1610612754.0,Indiana Pacers
2024-11-01,TEAM,0.8,1610612750.0,Minnesota Timberwolves
2024-11-01,TEAM,0.6,1610612743.0,Denver Nuggets
2024-11-01,TEAM,0.6666666666666666,1610612737.0,Atlanta Hawks
2024-11-01,TEAM,1.0,1610612758.0,Sacramento Kings
2024-11-01,TEAM,0.8333333333333334,1610612765.0,Detroit Pistons
2024-11-01,TEAM,0.6,1610612752.0,New York Knicks
2024-11-01,TEAM,0.6666666666666666,1610612757.0,Portland Trail Blazers
2024-11-01,TEAM,1.0,1610612760.0,Oklahoma City Thunder
2024-11-01,TEAM,0.6666666666666666,1610612751.0,Brooklyn Nets
2024-11-01,TEAM,0.5,1610612741.0,Chicago Bulls
2024-11-02,TEAM,0.0,1610612755.0,Philadelphia 76ers
2024-11-02,TEAM,0.5714285714285714,1610612763.0,Memphis Grizzlies
2024-11-02,TEAM,0.6666666666666666,1610612766.0,Charlotte Hornets
2024-11-02,TEAM,0.8571428571428571,1610612738.0,Boston Celtics
2024-11-02,TEAM,0.3333333333333333,1610612745.0,Houston Rockets
2024-11-02,TEAM,0.8333333333333334,1610612744.0,Golden State Warriors
2024-11-02,TEAM,0.5714285714285714,1610612761.0,Toronto Raptors
2024-11-02,TEAM,0.8333333333333334,1610612758.0,Sacramento Kings
2024-11-02,TEAM,0.5,1610612749.0,Milwaukee Bucks
2024-11-02,TEAM,0.7142857142857143,1610612739.0,Cleveland Cavaliers
2024-11-02,TEAM,0.6666666666666666,1610612756.0,Phoenix Suns
2024-11-02,TEAM,0.7142857142857143,1610612757.0,Portland Trail Blazers
2024-11-02,TEAM,0.5,1610612746.0,LA Clippers
2024-11-02,TEAM,1.0,1610612760.0,Oklahoma City Thunder
2024-11-02,TEAM,0.5,1610612759.0,San Antonio Spurs
2024-11-02,TEAM,0.6666666666666666,1610612750.0,Minnesota Timberwolves
2024-11-02,TEAM,0.6666666666666666,1610612743.0,Denver Nuggets
2024-11-02,TEAM,1.0,1610612762.0,Utah Jazz
2024-11-03,TEAM,0.5714285714285714,1610612740.0,New Orleans Pelicans
2024-11-03,TEAM,0.7142857142857143,1610612737.0,Atlanta Hawks
2024-11-03,TEAM,0.5714285714285714,1610612751.0,Brooklyn Nets
2024-11-03,TEAM,0.7142857142857143,1610612765.0,Detroit Pistons
2024-11-03,TEAM,0.6666666666666666,1610612742.0,Dallas Mavericks
2024-11-03,TEAM,0.5714285714285714,1610612753.0,Orlando Magic
2024-11-04,TEAM,0.5,1610612751.0,Brooklyn Nets
2024-11-04,TEAM,0.5,1610612763.0,Memphis Grizzlies
2024-11-04,TEAM,0.42857142857142855,1610612746.0,LA Clippers
2024-11-04,TEAM,0.42857142857142855,1610612759.0,San Antonio Spurs
2024-11-04,TEAM,0.6,1610612764.0,Washington Wizards
2024-11-04,TEAM,0.8571428571428571,1610612744.0,Golden State Warriors
2024-11-04,TEAM,0.8,1610612748.0,Miami Heat
2024-11-04,TEAM,0.8571428571428571,1610612758.0,Sacramento Kings
2024-11-04,TEAM,0.2857142857142857,1610612745.0,Houston Rockets
2024-11-04,TEAM,0.5,1610612752.0,New York Knicks
2024-11-04,TEAM,0.5714285714285714,1610612750.0,Minnesota Timberwolves
2024-11-04,TEAM,0.5714285714285714,1610612766.0,Charlotte Hornets
2024-11-04,TEAM,1.0,1610612760.0,Oklahoma City Thunder
2024-11-04,TEAM,0.625,1610612753.0,Orlando Magic
2024-11-04,TEAM,0.7142857142857143,1610612743.0,Denver Nuggets
2024-11-04,TEAM,0.625,1610612761.0,Toronto Raptors
2024-11-04,TEAM,0.75,1610612739.0,Cleveland Cavaliers
2024-11-04,TEAM,0.5714285714285714,1610612749.0,Milwaukee Bucks
2024-11-04,TEAM,0.42857142857142855,1610612741.0,Chicago Bulls
2024-11-04,TEAM,0.8571428571428571,1610612762.0,Utah Jazz
2024-11-04,TEAM,0.5714285714285714,1610612742.0,Dallas Mavericks
2024-11-04,TEAM,0.2857142857142857,1610612754.0,Indiana Pacers
2024-11-04,TEAM,0.5,1610612740.0,New Orleans Pelicans
2024-11-04,TEAM,0.625,1610612757.0,Portland Trail Blazers
2024-11-04,TEAM,0.7142857142857143,1610612756.0,Phoenix Suns
2024-11-04,TEAM,0.16666666666666666,1610612755.0,Philadelphia 76ers
2024-11-04,TEAM,0.625,1610612765.0,Detroit Pistons
2024-11-04,TEAM,0.5714285714285714,1610612747.0,Los Angeles Lakers
2024-11-04,TEAM,0.75,1610612737.0,Atlanta Hawks
2024-11-04,TEAM,0.875,1610612738.0,Boston Celtics
2024-11-06,TEAM,0.5555555555555556,1610612740.0,New Orleans Pelicans
2024-11-06,TEAM,0.7777777777777778,1610612739.0,Cleveland Cavaliers
2024-11-06,TEAM,0.625,1610612743.0,Denver Nuggets
2024-11-06,TEAM,0.875,1610612760.0,Oklahoma City Thunder
2024-11-06,TEAM,0.5,1610612766.0,Charlotte Hornets
2024-11-06,TEAM,0.5555555555555556,1610612765.0,Detroit Pistons
2024-11-06,TEAM,0.7777777777777778,1610612738.0,Boston Celtics
2024-11-06,TEAM,0.75,1610612744.0,Golden State Warriors
2024-11-06,TEAM,0.5,1610612742.0,Dallas Mavericks
2024-11-06,TEAM,0.375,1610612741.0,Chicago Bulls
2024-11-06,TEAM,0.6666666666666666,1610612737.0,Atlanta Hawks
2024-11-06,TEAM,0.42857142857142855,1610612752.0,New York Knicks
2024-11-06,TEAM,0.375,1610612746.0,LA Clippers
2024-11-06,TEAM,0.14285714285714285,1610612755.0,Philadelphia 76ers
2024-11-06,TEAM,0.375,1610612745.0,Houston Rockets
2024-11-06,TEAM,0.5,1610612759.0,San Antonio Spurs
2024-11-06,TEAM,0.4444444444444444,1610612763.0,Memphis Grizzlies
2024-11-06,TEAM,0.5,1610612747.0,Los Angeles Lakers
2024-11-06,TEAM,0.375,1610612754.0,Indiana Pacers
2024-11-06,TEAM,0.6666666666666666,1610612753.0,Orlando Magic
2024-11-06,TEAM,0.875,1610612758.0,Sacramento Kings
2024-11-06,TEAM,0.6666666666666666,1610612761.0,Toronto Raptors
2024-11-06,TEAM,0.75,1610612756.0,Phoenix Suns
2024-11-06,TEAM,0.8333333333333334,1610612748.0,Miami Heat
2024-11-07,TEAM,0.5,1610612749.0,Milwaukee Bucks
2024-11-07,TEAM,0.75,1610612762.0,Utah Jazz
2024-11-07,TEAM,0.4444444444444444,1610612741.0,Chicago Bulls
2024-11-07,TEAM,0.625,1610612750.0,Minnesota Timberwolves
2024-11-07,TEAM,0.5555555555555556,1610612759.0,San Antonio Spurs
2024-11-07,TEAM,0.6666666666666666,1610612757.0,Portland Trail Blazers
2024-11-08,TEAM,0.6666666666666666,1610612743.0,Denver Nuggets
2024-11-08,TEAM,0.8571428571428571,1610612748.0,Miami Heat
2024-11-08,TEAM,0.5555555555555556,1610612747.0,Los Angeles Lakers
2024-11-08,TEAM,0.25,1610612755.0,Philadelphia 76ers
2024-11-08,TEAM,0.4,1610612763.0,Memphis Grizzlies
2024-11-08,TEAM,0.5,1610612764.0,Washington Wizards
2024-11-08,TEAM,0.7777777777777778,1610612758.0,Sacramento Kings
2024-11-08,TEAM,0.3333333333333333,1610612746.0,LA Clippers
2024-11-08,TEAM,0.6666666666666666,1610612750.0,Minnesota Timberwolves
2024-11-08,TEAM,0.7,1610612757.0,Portland Trail Blazers
2024-11-08,TEAM,0.5,1610612765.0,Detroit Pistons
2024-11-08,TEAM,0.6,1610612737.0,Atlanta Hawks
2024-11-08,TEAM,0.8888888888888888,1610612760.0,Oklahoma City Thunder
2024-11-08,TEAM,0.4444444444444444,1610612745.0,Houston Rockets
2024-11-08,TEAM,0.7,1610612739.0,Cleveland Cavaliers
2024-11-08,TEAM,0.6666666666666666,1610612744.0,Golden State Warriors
2024-11-08,TEAM,0.5,1610612752.0,New York Knicks
2024-11-08,TEAM,0.5555555555555556,1610612749.0,Milwaukee Bucks
2024-11-08,TEAM,0.8,1610612738.0,Boston Celtics
2024-11-08,TEAM,0.5555555555555556,1610612751.0,Brooklyn Nets
2024-11-08,TEAM,0.4444444444444444,1610612766.0,Charlotte Hornets
2024-11-08,TEAM,0.3333333333333333,1610612754.0,Indiana Pacers
2024-11-08,TEAM,0.5555555555555556,1610612742.0,Dallas Mavericks
2024-11-08,TEAM,0.7777777777777778,1610612756.0,Phoenix Suns
2024-11-08,TEAM,0.7,1610612753.0,Orlando Magic
2024-11-08,TEAM,0.6,1610612740.0,New Orleans Pelicans
2024-11-09,TEAM,0.5,1610612759.0,San Antonio Spurs
2024-11-09,TEAM,0.6666666666666666,1610612762.0,Utah Jazz
2024-11-09,TEAM,0.7272727272727273,1610612739.0,Cleveland Cavaliers
2024-11-09,TEAM,0.6,1610612751.0,Brooklyn Nets
2024-11-09,TEAM,0.6363636363636364,1610612737.0,Atlanta Hawks
2024-11-09,TEAM,0.5,1610612741.0,Chicago Bulls
2024-11-09,TEAM,0.4,1610612746.0,LA Clippers
2024-11-09,TEAM,0.7,1610612761.0,Toronto Raptors
2024-11-10,TEAM,0.9,1610612760.0,Oklahoma City Thunder
2024-11-10,TEAM,0.7,1610612744.0,Golden State Warriors
2024-11-10,TEAM,0.6,1610612743.0,Denver Nuggets
2024-11-10,TEAM,0.5,1610612742.0,Dallas Mavericks
2024-11-10,TEAM,0.6,1610612747.0,Los Angeles Lakers
2024-11-10,TEAM,0.7272727272727273,1610612761.0,Toronto Raptors
2024-11-10,TEAM,0.7272727272727273,1610612753.0,Orlando Magic
2024-11-10,TEAM,0.5714285714285714,1610612764.0,Washington Wizards
2024-11-10,TEAM,0.6,1610612749.0,Milwaukee Bucks
2024-11-10,TEAM,0.8181818181818182,1610612738.0,Boston Celtics
2024-11-10,TEAM,0.3,1610612754.0,Indiana Pacers
2024-11-10,TEAM,0.4444444444444444,1610612752.0,New York Knicks
2024-11-10,TEAM,0.5454545454545454,1610612765.0,Detroit Pistons
2024-11-10,TEAM,0.5,1610612745.0,Houston Rockets
2024-11-10,TEAM,0.7272727272727273,1610612757.0,Portland Trail Blazers
2024-11-10,TEAM,0.45454545454545453,1610612763.0,Memphis Grizzlies
2024-11-10,TEAM,0.6,1610612750.0,Minnesota Timberwolves
2024-11-10,TEAM,0.75,1610612748.0,Miami Heat
2024-11-10,TEAM,0.7,1610612756.0,Phoenix Suns
2024-11-10,TEAM,0.7,1610612758.0,Sacramento Kings
2024-11-10,TEAM,0.2222222222222222,1610612755.0,Philadelphia 76ers
2024-11-10,TEAM,0.4,1610612766.0,Charlotte Hornets
2024-11-11,TEAM,0.5454545454545454,1610612741.0,Chicago Bulls
2024-11-11,TEAM,0.75,1610612739.0,Cleveland Cavaliers
2024-11-11,TEAM,0.45454545454545453,1610612759.0,San Antonio Spurs
2024-11-11,TEAM,0.6363636363636364,1610612758.0,Sacramento Kings
2024-11-11,TEAM,0.9090909090909091,1610612760.0,Oklahoma City Thunder
2024-11-11,TEAM,0.45454545454545453,1610612746.0,LA Clippers
2024-11-11,TEAM,0.5454545454545454,1610612745.0,Houston Rockets
2024-11-11,TEAM,0.625,1610612764.0,Washington Wizards
2024-11-11,TEAM,0.6363636363636364,1610612740.0,New Orleans Pelicans
2024-11-11,TEAM,0.6363636363636364,1610612751.0,Brooklyn Nets
2024-11-12,TEAM,0.7,1610612762.0,Utah Jazz
2024-11-12,TEAM,0.7272727272727273,1610612756.0,Phoenix Suns
2024-11-12,TEAM,0.75,1610612753.0,Orlando Magic
2024-11-12,TEAM,0.45454545454545453,1610612766.0,Charlotte Hornets
2024-11-12,TEAM,0.3,1610612755.0,Philadelphia 76ers
2024-11-12,TEAM,0.5,1610612752.0,New York Knicks
2024-11-12,TEAM,0.5,1610612765.0,Detroit Pistons
2024-11-12,TEAM,0.6666666666666666,1610612748.0,Miami Heat
2024-11-12,TEAM,0.6363636363636364,1610612744.0,Golden State Warriors
2024-11-12,TEAM,0.45454545454545453,1610612742.0,Dallas Mavericks
2024-11-12,TEAM,0.5454545454545454,1610612749.0,Milwaukee Bucks
2024-11-12,TEAM,0.6666666666666666,1610612761.0,Toronto Raptors
2024-11-12,TEAM,0.75,1610612738.0,Boston Celtics
2024-11-12,TEAM,0.5833333333333334,1610612737.0,Atlanta Hawks
2024-11-12,TEAM,0.6666666666666666,1610612757.0,Portland Trail Blazers
2024-11-12,TEAM,0.5454545454545454,1610612750.0,Minnesota Timberwolves
2024-11-13,TEAM,0.7692307692307693,1610612753.0,Orlando Magic
2024-11-13,TEAM,0.36363636363636365,1610612754.0,Indiana Pacers
2024-11-13,TEAM,0.45454545454545453,1610612752.0,New York Knicks
2024-11-13,TEAM,0.5,1610612741.0,Chicago Bulls
2024-11-13,TEAM,0.5833333333333334,1610612758.0,Sacramento Kings
2024-11-13,TEAM,0.6666666666666666,1610612756.0,Phoenix Suns
2024-11-13,TEAM,0.9166666666666666,1610612760.0,Oklahoma City Thunder
2024-11-13,TEAM,0.6666666666666666,1610612740.0,New Orleans Pelicans
2024-11-13,TEAM,0.5,1610612749.0,Milwaukee Bucks
2024-11-13,TEAM,0.46153846153846156,1610612765.0,Detroit Pistons
2024-11-13,TEAM,0.36363636363636365,1610612755.0,Philadelphia 76ers
2024-11-13,TEAM,0.7692307692307693,1610612739.0,Cleveland Cavaliers
2024-11-13,TEAM,0.6666666666666666,1610612751.0,Brooklyn Nets
2024-11-13,TEAM,0.7692307692307693,1610612738.0,Boston Celtics
2024-11-13,TEAM,0.6363636363636364,1610612747.0,Los Angeles Lakers
2024-11-13,TEAM,0.5,1610612763.0,Memphis Grizzlies
2024-11-13,TEAM,0.5,1610612745.0,Houston Rockets
2024-11-13,TEAM,0.4166666666666667,1610612746.0,LA Clippers
2024-11-13,TEAM,0.5,1610612759.0,San Antonio Spurs
2024-11-13,TEAM,0.6666666666666666,1610612764.0,Washington Wizards
2024-11-13,TEAM,0.6153846153846154,1610612757.0,Portland Trail Blazers
2024-11-13,TEAM,0.5,1610612750.0,Minnesota Timberwolves
2024-11-14,TEAM,0.6363636363636364,1610612762.0,Utah Jazz
2024-11-14,TEAM,0.4166666666666667,1610612742.0,Dallas Mavericks
2024-11-15,TEAM,0.5384615384615384,1610612745.0,Houston Rockets
2024-11-15,TEAM,0.46153846153846156,1610612746.0,LA Clippers
2024-11-15,TEAM,0.7857142857142857,1610612739.0,Cleveland Cavaliers
2024-11-15,TEAM,0.5384615384615384,1610612741.0,Chicago Bulls
2024-11-15,TEAM,0.7857142857142857,1610612753.0,Orlando Magic
2024-11-15,TEAM,0.4166666666666667,1610612755.0,Philadelphia 76ers
2024-11-15,TEAM,0.6153846153846154,1610612740.0,New Orleans Pelicans
2024-11-15,TEAM,0.5454545454545454,1610612743.0,Denver Nuggets
2024-11-15,TEAM,0.5384615384615384,1610612758.0,Sacramento Kings
2024-11-15,TEAM,0.46153846153846156,1610612750.0,Minnesota Timberwolves
2024-11-15,TEAM,0.3333333333333333,1610612754.0,Indiana Pacers
2024-11-15,TEAM,0.6,1610612748.0,Miami Heat
2024-11-15,TEAM,0.9230769230769231,1610612760.0,Oklahoma City Thunder
2024-11-15,TEAM,0.6923076923076923,1610612756.0,Phoenix Suns
2024-11-15,TEAM,0.6923076923076923,1610612761.0,Toronto Raptors
2024-11-15,TEAM,0.5,1610612765.0,Detroit Pistons
2024-11-15,TEAM,0.5,1610612752.0,New York Knicks
2024-11-15,TEAM,0.6923076923076923,1610612751.0,Brooklyn Nets
2024-11-15,TEAM,0.6666666666666666,1610612744.0,Golden State Warriors
2024-11-15,TEAM,0.5384615384615384,1610612763.0,Memphis Grizzlies
2024-11-15,TEAM,0.6153846153846154,1610612737.0,Atlanta Hawks
2024-11-15,TEAM,0.7,1610612764.0,Washington Wizards
2024-11-15,TEAM,0.46153846153846156,1610612759.0,San Antonio Spurs
2024-11-15,TEAM,0.5833333333333334,1610612747.0,Los Angeles Lakers
2024-11-16,TEAM,0.6428571428571429,1610612740.0,New Orleans Pelicans
2024-11-16,TEAM,0.6153846153846154,1610612747.0,Los Angeles Lakers
2024-11-16,TEAM,0.7857142857142857,1610612738.0,Boston Celtics
2024-11-16,TEAM,0.7142857142857143,1610612761.0,Toronto Raptors
2024-11-16,TEAM,0.38461538461538464,1610612742.0,Dallas Mavericks
2024-11-16,TEAM,0.42857142857142855,1610612759.0,San Antonio Spurs
2024-11-16,TEAM,0.5714285714285714,1610612758.0,Sacramento Kings
2024-11-16,TEAM,0.6666666666666666,1610612762.0,Utah Jazz
2024-11-16,TEAM,0.4166666666666667,1610612766.0,Charlotte Hornets
2024-11-16,TEAM,0.46153846153846156,1610612749.0,Milwaukee Bucks
2024-11-17,TEAM,0.5714285714285714,1610612757.0,Portland Trail Blazers
2024-11-17,TEAM,0.5714285714285714,1610612737.0,Atlanta Hawks
2024-11-17,TEAM,0.38461538461538464,1610612754.0,Indiana Pacers
2024-11-17,TEAM,0.6363636363636364,1610612748.0,Miami Heat
2024-11-17,TEAM,0.5384615384615384,1610612752.0,New York Knicks
2024-11-17,TEAM,0.7142857142857143,1610612751.0,Brooklyn Nets
2024-11-17,TEAM,0.42857142857142855,1610612750.0,Minnesota Timberwolves
2024-11-17,TEAM,0.6428571428571429,1610612756.0,Phoenix Suns
2024-11-17,TEAM,0.5714285714285714,1610612741.0,Chicago Bulls
2024-11-17,TEAM,0.5714285714285714,1610612745.0,Houston Rockets
2024-11-17,TEAM,0.8,1610612739.0,Cleveland Cavaliers
2024-11-17,TEAM,0.46153846153846156,1610612766.0,Charlotte Hornets
2024-11-17,TEAM,0.8571428571428571,1610612760.0,Oklahoma City Thunder
2024-11-17,TEAM,0.35714285714285715,1610612742.0,Dallas Mavericks
2024-11-17,TEAM,0.7272727272727273,1610612764.0,Washington Wizards
2024-11-17,TEAM,0.5333333333333333,1610612765.0,Detroit Pistons
2024-11-17,TEAM,0.5,1610612763.0,Memphis Grizzlies
2024-11-17,TEAM,0.5,1610612743.0,Denver Nuggets
2024-11-17,TEAM,0.42857142857142855,1610612746.0,LA Clippers
2024-11-17,TEAM,0.6153846153846154,1610612762.0,Utah Jazz
2024-11-18,TEAM,0.5714285714285714,1610612752.0,New York Knicks
2024-11-18,TEAM,0.75,1610612764.0,Washington Wizards
2024-11-18,TEAM,0.4,1610612746.0,LA Clippers
2024-11-18,TEAM,0.6153846153846154,1610612744.0,Golden State Warriors
2024-11-18,TEAM,0.5833333333333334,1610612748.0,Miami Heat
2024-11-18,TEAM,0.38461538461538464,1610612755.0,Philadelphia 76ers
2024-11-18,TEAM,0.5625,1610612765.0,Detroit Pistons
2024-11-18,TEAM,0.6,1610612741.0,Chicago Bulls
2024-11-18,TEAM,0.5333333333333333,1610612758.0,Sacramento Kings
2024-11-18,TEAM,0.5333333333333333,1610612737.0,Atlanta Hawks
2024-11-18,TEAM,0.6666666666666666,1610612761.0,Toronto Raptors
2024-11-18,TEAM,0.35714285714285715,1610612754.0,Indiana Pacers
2024-11-18,TEAM,0.42857142857142855,1610612749.0,Milwaukee Bucks
2024-11-18,TEAM,0.5333333333333333,1610612745.0,Houston Rockets
2024-11-18,TEAM,0.6666666666666666,1610612756.0,Phoenix Suns
2024-11-18,TEAM,0.8,1610612753.0,Orlando Magic
2024-11-19,TEAM,0.4,1610612759.0,San Antonio Spurs
2024-11-19,TEAM,0.8,1610612760.0,Oklahoma City Thunder
2024-11-19,TEAM,0.5333333333333333,1610612763.0,Memphis Grizzlies
2024-11-19,TEAM,0.5384615384615384,1610612743.0,Denver Nuggets
2024-11-19,TEAM,0.7333333333333333,1610612738.0,Boston Celtics
2024-11-19,TEAM,0.75,1610612739.0,Cleveland Cavaliers
2024-11-19,TEAM,0.4,1610612742.0,Dallas Mavericks
2024-11-19,TEAM,0.6666666666666666,1610612740.0,New Orleans Pelicans
2024-11-19,TEAM,0.6428571428571429,1610612747.0,Los Angeles Lakers
2024-11-19,TEAM,0.6428571428571429,1610612762.0,Utah Jazz
2024-11-19,TEAM,0.6666666666666666,1610612751.0,Brooklyn Nets
2024-11-19,TEAM,0.42857142857142855,1610612766.0,Charlotte Hornets
2024-11-20,TEAM,0.375,1610612746.0,LA Clippers
2024-11-20,TEAM,0.75,1610612753.0,Orlando Magic
2024-11-20,TEAM,0.6428571428571429,1610612744.0,Golden State Warriors
2024-11-20,TEAM,0.5625,1610612737.0,Atlanta Hawks
2024-11-20,TEAM,0.7647058823529411,1610612739.0,Cleveland Cavaliers
2024-11-20,TEAM,0.6875,1610612740.0,New Orleans Pelicans
2024-11-20,TEAM,0.4,1610612749.0,Milwaukee Bucks
2024-11-20,TEAM,0.5625,1610612741.0,Chicago Bulls
2024-11-20,TEAM,0.8125,1610612760.0,Oklahoma City Thunder
2024-11-20,TEAM,0.6,1610612757.0,Portland Trail Blazers
2024-11-20,TEAM,0.5625,1610612745.0,Houston Rockets
2024-11-20,TEAM,0.4,1610612754.0,Indiana Pacers
2024-11-20,TEAM,0.5625,1610612763.0,Memphis Grizzlies
2024-11-20,TEAM,0.42857142857142855,1610612755.0,Philadelphia 76ers
2024-11-20,TEAM,0.6875,1610612756.0,Phoenix Suns
2024-11-20,TEAM,0.6,1610612752.0,New York Knicks
2024-11-21,TEAM,0.4,1610612766.0,Charlotte Hornets
2024-11-21,TEAM,0.5294117647058824,1610612765.0,Detroit Pistons
2024-11-21,TEAM,0.4375,1610612759.0,San Antonio Spurs
2024-11-21,TEAM,0.6666666666666666,1610612762.0,Utah Jazz
2024-11-21,TEAM,0.625,1610612761.0,Toronto Raptors
2024-11-21,TEAM,0.4,1610612750.0,Minnesota Timberwolves
2024-11-21,TEAM,0.6,1610612747.0,Los Angeles Lakers
2024-11-21,TEAM,0.7058823529411765,1610612753.0,Orlando Magic
2024-11-22,TEAM,0.5,1610612743.0,Denver Nuggets
2024-11-22,TEAM,0.375,1610612742.0,Dallas Mavericks
2024-11-22,TEAM,0.4,1610612755.0,Philadelphia 76ers
2024-11-22,TEAM,0.625,1610612751.0,Brooklyn Nets
2024-11-22,TEAM,0.7692307692307693,1610612764.0,Washington Wizards
2024-11-22,TEAM,0.75,1610612738.0,Boston Celtics
2024-11-22,TEAM,0.5294117647058824,1610612741.0,Chicago Bulls
2024-11-22,TEAM,0.5294117647058824,1610612737.0,Atlanta Hawks
2024-11-22,TEAM,0.375,1610612749.0,Milwaukee Bucks
2024-11-22,TEAM,0.375,1610612754.0,Indiana Pacers
2024-11-22,TEAM,0.5882352941176471,1610612745.0,Houston Rockets
2024-11-22,TEAM,0.625,1610612757.0,Portland Trail Blazers
2024-11-22,TEAM,0.7058823529411765,1610612740.0,New Orleans Pelicans
2024-11-22,TEAM,0.6666666666666666,1610612744.0,Golden State Warriors
2024-11-22,TEAM,0.35294117647058826,1610612746.0,LA Clippers
2024-11-22,TEAM,0.5,1610612758.0,Sacramento Kings
2024-11-23,TEAM,0.625,1610612762.0,Utah Jazz
2024-11-23,TEAM,0.5625,1610612752.0,New York Knicks
2024-11-23,TEAM,0.625,1610612747.0,Los Angeles Lakers
2024-11-23,TEAM,0.5333333333333333,1610612743.0,Denver Nuggets
2024-11-23,TEAM,0.4117647058823529,1610612759.0,San Antonio Spurs
2024-11-23,TEAM,0.625,1610612744.0,Golden State Warriors
2024-11-23,TEAM,0.5555555555555556,1610612741.0,Chicago Bulls
2024-11-23,TEAM,0.5882352941176471,1610612763.0,Memphis Grizzlies
2024-11-23,TEAM,0.4117647058823529,1610612749.0,Milwaukee Bucks
2024-11-23,TEAM,0.4375,1610612766.0,Charlotte Hornets
2024-11-23,TEAM,0.7222222222222222,1610612753.0,Orlando Magic
2024-11-23,TEAM,0.5555555555555556,1610612765.0,Detroit Pistons
2024-11-23,TEAM,0.5555555555555556,1610612745.0,Houston Rockets
2024-11-23,TEAM,0.5882352941176471,1610612757.0,Portland Trail Blazers
2024-11-24,TEAM,0.7777777777777778,1610612739.0,Cleveland Cavaliers
2024-11-24,TEAM,0.6470588235294118,1610612761.0,Toronto Raptors
2024-11-24,TEAM,0.47058823529411764,1610612758.0,Sacramento Kings
2024-11-24,TEAM,0.5882352941176471,1610612751.0,Brooklyn Nets
2024-11-24,TEAM,0.4117647058823529,1610612754.0,Indiana Pacers
2024-11-24,TEAM,0.7857142857142857,1610612764.0,Washington Wizards
2024-11-24,TEAM,0.7647058823529411,1610612738.0,Boston Celtics
2024-11-24,TEAM,0.4375,1610612750.0,Minnesota Timberwolves
2024-11-24,TEAM,0.4375,1610612755.0,Philadelphia 76ers
2024-11-24,TEAM,0.3888888888888889,1610612746.0,LA Clippers
2024-11-24,TEAM,0.5384615384615384,1610612748.0,Miami Heat
2024-11-24,TEAM,0.35294117647058826,1610612742.0,Dallas Mavericks
2024-11-25,TEAM,0.5625,1610612743.0,Denver Nuggets
2024-11-25,TEAM,0.5882352941176471,1610612752.0,New York Knicks
2024-11-25,TEAM,0.5882352941176471,1610612744.0,Golden State Warriors
2024-11-25,TEAM,0.5555555555555556,1610612751.0,Brooklyn Nets
2024-11-25,TEAM,0.47058823529411764,1610612766.0,Charlotte Hornets
2024-11-25,TEAM,0.7368421052631579,1610612753.0,Orlando Magic
2024-11-25,TEAM,0.5,1610612758.0,Sacramento Kings
2024-11-25,TEAM,0.8235294117647058,1610612760.0,Oklahoma City Thunder
2024-11-25,TEAM,0.6111111111111112,1610612763.0,Memphis Grizzlies
2024-11-25,TEAM,0.6111111111111112,1610612757.0,Portland Trail Blazers
2024-11-25,TEAM,0.5555555555555556,1610612737.0,Atlanta Hawks
2024-11-25,TEAM,0.3888888888888889,1610612742.0,Dallas Mavericks
2024-11-25,TEAM,0.7777777777777778,1610612738.0,Boston Celtics
2024-11-25,TEAM,0.42105263157894735,1610612746.0,LA Clippers
2024-11-25,TEAM,0.5789473684210527,1610612765.0,Detroit Pistons
2024-11-25,TEAM,0.6666666666666666,1610612761.0,Toronto Raptors
2024-11-25,TEAM,0.4444444444444444,1610612754.0,Indiana Pacers
2024-11-25,TEAM,0.7222222222222222,1610612740.0,New Orleans Pelicans
2024-11-26,TEAM,0.6470588235294118,1610612756.0,Phoenix Suns
2024-11-26,TEAM,0.5882352941176471,1610612747.0,Los Angeles Lakers
2024-11-26,TEAM,0.5714285714285714,1610612748.0,Miami Heat
2024-11-26,TEAM,0.4444444444444444,1610612749.0,Milwaukee Bucks
2024-11-26,TEAM,0.47058823529411764,1610612750.0,Minnesota Timberwolves
2024-11-26,TEAM,0.5789473684210527,1610612745.0,Houston Rockets
2024-11-26,TEAM,0.8,1610612764.0,Washington Wizards
2024-11-26,TEAM,0.5789473684210527,1610612741.0,Chicago Bulls
2024-11-26,TEAM,0.6470588235294118,1610612762.0,Utah Jazz
2024-11-26,TEAM,0.4444444444444444,1610612759.0,San Antonio Spurs
2024-11-27,TEAM,0.8125,1610612764.0,Washington Wizards
2024-11-27,TEAM,0.45,1610612746.0,LA Clippers
2024-11-27,TEAM,0.7368421052631579,1610612739.0,Cleveland Cavaliers
2024-11-27,TEAM,0.5263157894736842,1610612737.0,Atlanta Hawks
2024-11-27,TEAM,0.3684210526315789,1610612742.0,Dallas Mavericks
2024-11-27,TEAM,0.5555555555555556,1610612752.0,New York Knicks
2024-11-27,TEAM,0.6111111111111112,1610612756.0,Phoenix Suns
2024-11-27,TEAM,0.5263157894736842,1610612751.0,Brooklyn Nets
2024-11-27,TEAM,0.47058823529411764,1610612755.0,Philadelphia 76ers
2024-11-27,TEAM,0.6,1610612745.0,Houston Rockets
2024-11-27,TEAM,0.4444444444444444,1610612750.0,Minnesota Timberwolves
2024-11-27,TEAM,0.47368421052631576,1610612758.0,Sacramento Kings
2024-11-27,TEAM,0.6666666666666666,1610612762.0,Utah Jazz
2024-11-27,TEAM,0.5882352941176471,1610612743.0,Denver Nuggets
2024-11-27,TEAM,0.6111111111111112,1610612744.0,Golden State Warriors
2024-11-27,TEAM,0.8333333333333334,1610612760.0,Oklahoma City Thunder
2024-11-27,TEAM,0.47368421052631576,1610612754.0,Indiana Pacers
2024-11-27,TEAM,0.631578947368421,1610612757.0,Portland Trail Blazers
2024-11-27,TEAM,0.631578947368421,1610612763.0,Memphis Grizzlies
2024-11-27,TEAM,0.6,1610612765.0,Detroit Pistons
2024-11-27,TEAM,0.7368421052631579,1610612740.0,New Orleans Pelicans
2024-11-27,TEAM,0.6842105263157895,1610612761.0,Toronto Raptors
2024-11-27,TEAM,0.42105263157894735,1610612759.0,San Antonio Spurs
2024-11-27,TEAM,0.5555555555555556,1610612747.0,Los Angeles Lakers
2024-11-27,TEAM,0.75,1610612753.0,Orlando Magic
2024-11-27,TEAM,0.6,1610612741.0,Chicago Bulls
2024-11-27,TEAM,0.5,1610612766.0,Charlotte Hornets
2024-11-27,TEAM,0.6,1610612748.0,Miami Heat
2024-11-29,TEAM,0.6190476190476191,1610612741.0,Chicago Bulls
2024-11-29,TEAM,0.7894736842105263,1610612738.0,Boston Celtics
2024-11-29,TEAM,0.6,1610612757.0,Portland Trail Blazers
2024-11-29,TEAM,0.45,1610612758.0,Sacramento Kings
2024-11-29,TEAM,0.5789473684210527,1610612747.0,Los Angeles Lakers
2024-11-29,TEAM,0.8421052631578947,1610612760.0,Oklahoma City Thunder
2024-11-29,TEAM,0.45,1610612754.0,Indiana Pacers
2024-11-29,TEAM,0.5714285714285714,1610612765.0,Detroit Pistons
2024-11-29,TEAM,0.65,1610612763.0,Memphis Grizzlies
2024-11-29,TEAM,0.75,1610612740.0,New Orleans Pelicans
2024-11-29,TEAM,0.5263157894736842,1610612766.0,Charlotte Hornets
2024-11-29,TEAM,0.5789473684210527,1610612752.0,New York Knicks
2024-11-29,TEAM,0.55,1610612751.0,Brooklyn Nets
2024-11-29,TEAM,0.7619047619047619,1610612753.0,Orlando Magic
2024-11-29,TEAM,0.625,1610612748.0,Miami Heat
2024-11-29,TEAM,0.7,1610612761.0,Toronto Raptors
2024-11-29,TEAM,0.42105263157894735,1610612750.0,Minnesota Timberwolves
2024-11-29,TEAM,0.42857142857142855,1610612746.0,LA Clippers
2024-11-29,TEAM,0.5,1610612737.0,Atlanta Hawks
2024-11-29,TEAM,0.7,1610612739.0,Cleveland Cavaliers
2024-11-30,TEAM,0.5789473684210527,1610612756.0,Phoenix Suns
2024-11-30,TEAM,0.5789473684210527,1610612744.0,Golden State Warriors
2024-11-30,TEAM,0.6842105263157895,1610612762.0,Utah Jazz
2024-11-30,TEAM,0.4,1610612742.0,Dallas Mavericks
2024-11-30,TEAM,0.55,1610612766.0,Charlotte Hornets
2024-11-30,TEAM,0.5238095238095238,1610612737.0,Atlanta Hawks
2024-11-30,TEAM,0.5454545454545454,1610612765.0,Detroit Pistons
2024-11-30,TEAM,0.4444444444444444,1610612755.0,Philadelphia 76ers
2024-11-30,TEAM,0.47368421052631576,1610612749.0,Milwaukee Bucks
2024-11-30,TEAM,0.8235294117647058,1610612764.0,Washington Wizards
2024-12-01,TEAM,0.6666666666666666,1610612761.0,Toronto Raptors
2024-12-01,TEAM,0.5882352941176471,1610612748.0,Miami Heat
2024-12-01,TEAM,0.6666666666666666,1610612739.0,Cleveland Cavaliers
2024-12-01,TEAM,0.75,1610612738.0,Boston Celtics
2024-12-01,TEAM,0.5714285714285714,1610612745.0,Houston Rockets
2024-12-01,TEAM,0.8,1610612760.0,Oklahoma City Thunder
2024-12-01,TEAM,0.7,1610612762.0,Utah Jazz
2024-12-01,TEAM,0.6,1610612747.0,Los Angeles Lakers
2024-12-01,TEAM,0.6666666666666666,1610612763.0,Memphis Grizzlies
2024-12-01,TEAM,0.47619047619047616,1610612754.0,Indiana Pacers
2024-12-01,TEAM,0.6,1610612752.0,New York Knicks
2024-12-01,TEAM,0.7619047619047619,1610612740.0,New Orleans Pelicans
2024-12-01,TEAM,0.5714285714285714,1610612751.0,Brooklyn Nets
2024-12-01,TEAM,0.7727272727272727,1610612753.0,Orlando Magic
2024-12-01,TEAM,0.6190476190476191,1610612757.0,Portland Trail Blazers
2024-12-01,TEAM,0.42857142857142855,1610612742.0,Dallas Mavericks
2024-12-01,TEAM,0.4090909090909091,1610612746.0,LA Clippers
2024-12-01,TEAM,0.5555555555555556,1610612743.0,Denver Nuggets
2024-12-01,TEAM,0.47619047619047616,1610612758.0,Sacramento Kings
2024-12-01,TEAM,0.45,1610612759.0,San Antonio Spurs
2024-12-02,TEAM,0.5909090909090909,1610612741.0,Chicago Bulls
2024-12-02,TEAM,0.5454545454545454,1610612751.0,Brooklyn Nets
2024-12-02,TEAM,0.4,1610612750.0,Minnesota Timberwolves
2024-12-02,TEAM,0.5714285714285714,1610612747.0,Los Angeles Lakers
2024-12-02,TEAM,0.5454545454545454,1610612737.0,Atlanta Hawks
2024-12-02,TEAM,0.7727272727272727,1610612740.0,New Orleans Pelicans
2024-12-02,TEAM,0.7619047619047619,1610612738.0,Boston Celtics
2024-12-02,TEAM,0.6111111111111112,1610612748.0,Miami Heat
2024-12-03,TEAM,0.5652173913043478,1610612765.0,Detroit Pistons
2024-12-03,TEAM,0.5,1610612749.0,Milwaukee Bucks
2024-12-03,TEAM,0.6363636363636364,1610612761.0,Toronto Raptors
2024-12-03,TEAM,0.45454545454545453,1610612754.0,Indiana Pacers
2024-12-03,TEAM,0.5714285714285714,1610612766.0,Charlotte Hornets
2024-12-03,TEAM,0.47368421052631576,1610612755.0,Philadelphia 76ers
2024-12-03,TEAM,0.55,1610612756.0,Phoenix Suns
2024-12-03,TEAM,0.42857142857142855,1610612759.0,San Antonio Spurs
2024-12-03,TEAM,0.43478260869565216,1610612746.0,LA Clippers
2024-12-03,TEAM,0.6363636363636364,1610612757.0,Portland Trail Blazers
2024-12-03,TEAM,0.45454545454545453,1610612758.0,Sacramento Kings
2024-12-03,TEAM,0.5454545454545454,1610612745.0,Houston Rockets
2024-12-03,TEAM,0.5714285714285714,1610612752.0,New York Knicks
2024-12-03,TEAM,0.7391304347826086,1610612753.0,Orlando Magic
2024-12-03,TEAM,0.4090909090909091,1610612742.0,Dallas Mavericks
2024-12-03,TEAM,0.6363636363636364,1610612763.0,Memphis Grizzlies
2024-12-03,TEAM,0.8095238095238095,1610612760.0,Oklahoma City Thunder
2024-12-03,TEAM,0.7142857142857143,1610612762.0,Utah Jazz
2024-12-03,TEAM,0.5789473684210527,1610612743.0,Denver Nuggets
2024-12-03,TEAM,0.6,1610612744.0,Golden State Warriors
2024-12-03,TEAM,0.6818181818181818,1610612739.0,Cleveland Cavaliers
2024-12-03,TEAM,0.8333333333333334,1610612764.0,Washington Wizards
2024-12-04,TEAM,0.5,1610612755.0,Philadelphia 76ers
2024-12-04,TEAM,0.75,1610612753.0,Orlando Magic
2024-12-04,TEAM,0.47619047619047616,1610612749.0,Milwaukee Bucks
2024-12-04,TEAM,0.5217391304347826,1610612737.0,Atlanta Hawks
2024-12-04,TEAM,0.5217391304347826,1610612751.0,Brooklyn Nets
2024-12-04,TEAM,0.43478260869565216,1610612754.0,Indiana Pacers
2024-12-04,TEAM,0.5789473684210527,1610612748.0,Miami Heat
2024-12-04,TEAM,0.5454545454545454,1610612747.0,Los Angeles Lakers
2024-12-04,TEAM,0.7727272727272727,1610612738.0,Boston Celtics
2024-12-04,TEAM,0.5833333333333334,1610612765.0,Detroit Pistons
2024-12-04,TEAM,0.4166666666666667,1610612746.0,LA Clippers
2024-12-04,TEAM,0.38095238095238093,1610612750.0,Minnesota Timberwolves
2024-12-05,TEAM,0.6521739130434783,1610612761.0,Toronto Raptors
2024-12-05,TEAM,0.8181818181818182,1610612760.0,Oklahoma City Thunder
2024-12-05,TEAM,0.6521739130434783,1610612763.0,Memphis Grizzlies
2024-12-05,TEAM,0.4782608695652174,1610612758.0,Sacramento Kings
2024-12-05,TEAM,0.4090909090909091,1610612759.0,San Antonio Spurs
2024-12-05,TEAM,0.5652173913043478,1610612741.0,Chicago Bulls
2024-12-05,TEAM,0.5714285714285714,1610612744.0,Golden State Warriors
2024-12-05,TEAM,0.5217391304347826,1610612745.0,Houston Rockets
2024-12-05,TEAM,0.8421052631578947,1610612764.0,Washington Wizards
2024-12-05,TEAM,0.43478260869565216,1610612742.0,Dallas Mavericks
2024-12-05,TEAM,0.5909090909090909,1610612752.0,New York Knicks
2024-12-05,TEAM,0.5909090909090909,1610612766.0,Charlotte Hornets
2024-12-05,TEAM,0.6956521739130435,1610612739.0,Cleveland Cavaliers
2024-12-05,TEAM,0.6,1610612743.0,Denver Nuggets
2024-12-05,TEAM,0.7391304347826086,1610612740.0,New Orleans Pelicans
2024-12-05,TEAM,0.5238095238095238,1610612756.0,Phoenix Suns
2024-12-06,TEAM,0.5909090909090909,1610612744.0,Golden State Warriors
2024-12-06,TEAM,0.4090909090909091,1610612750.0,Minnesota Timberwolves
2024-12-06,TEAM,0.5416666666666666,1610612737.0,Atlanta Hawks
2024-12-06,TEAM,0.5652173913043478,1610612747.0,Los Angeles Lakers
2024-12-06,TEAM,0.782608695652174,1610612738.0,Boston Celtics
2024-12-06,TEAM,0.5,1610612749.0,Milwaukee Bucks
2024-12-06,TEAM,0.5416666666666666,1610612741.0,Chicago Bulls
2024-12-06,TEAM,0.4166666666666667,1610612754.0,Indiana Pacers
2024-12-06,TEAM,0.391304347826087,1610612759.0,San Antonio Spurs
2024-12-06,TEAM,0.4583333333333333,1610612758.0,Sacramento Kings
2024-12-06,TEAM,0.6521739130434783,1610612757.0,Portland Trail Blazers
2024-12-06,TEAM,0.7272727272727273,1610612762.0,Utah Jazz
2024-12-06,TEAM,0.47619047619047616,1610612755.0,Philadelphia 76ers
2024-12-06,TEAM,0.72,1610612753.0,Orlando Magic
2024-12-07,TEAM,0.75,1610612740.0,New Orleans Pelicans
2024-12-07,TEAM,0.8260869565217391,1610612760.0,Oklahoma City Thunder
2024-12-07,TEAM,0.55,1610612748.0,Miami Heat
2024-12-07,TEAM,0.5,1610612756.0,Phoenix Suns
2024-12-07,TEAM,0.75,1610612738.0,Boston Celtics
2024-12-07,TEAM,0.625,1610612763.0,Memphis Grizzlies
2024-12-07,TEAM,0.8,1610612764.0,Washington Wizards
2024-12-07,TEAM,0.5714285714285714,1610612743.0,Denver Nuggets
2024-12-07,TEAM,0.5652173913043478,1610612752.0,New York Knicks
2024-12-07,TEAM,0.56,1610612765.0,Detroit Pistons
2024-12-07,TEAM,0.6086956521739131,1610612766.0,Charlotte Hornets
2024-12-07,TEAM,0.7083333333333334,1610612739.0,Cleveland Cavaliers
2024-12-07,TEAM,0.6666666666666666,1610612761.0,Toronto Raptors
2024-12-07,TEAM,0.4583333333333333,1610612742.0,Dallas Mavericks
2024-12-08,TEAM,0.5652173913043478,1610612744.0,Golden State Warriors
2024-12-08,TEAM,0.391304347826087,1610612750.0,Minnesota Timberwolves
2024-12-08,TEAM,0.7307692307692307,1610612753.0,Orlando Magic
2024-12-08,TEAM,0.5217391304347826,1610612756.0,Phoenix Suns
2024-12-08,TEAM,0.5833333333333334,1610612747.0,Los Angeles Lakers
2024-12-08,TEAM,0.6666666666666666,1610612757.0,Portland Trail Blazers
2024-12-08,TEAM,0.48,1610612758.0,Sacramento Kings
2024-12-08,TEAM,0.7391304347826086,1610612762.0,Utah Jazz
2024-12-08,TEAM,0.44,1610612746.0,LA Clippers
2024-12-08,TEAM,0.5416666666666666,1610612745.0,Houston Rockets
2024-12-08,TEAM,0.5238095238095238,1610612748.0,Miami Heat
2024-12-08,TEAM,0.68,1610612739.0,Cleveland Cavaliers
2024-12-08,TEAM,0.5416666666666666,1610612751.0,Brooklyn Nets
2024-12-08,TEAM,0.5217391304347826,1610612749.0,Milwaukee Bucks
2024-12-08,TEAM,0.52,1610612741.0,Chicago Bulls
2024-12-08,TEAM,0.45454545454545453,1610612755.0,Philadelphia 76ers
2024-12-08,TEAM,0.4166666666666667,1610612759.0,San Antonio Spurs
2024-12-08,TEAM,0.76,1610612740.0,New Orleans Pelicans
2024-12-08,TEAM,0.8095238095238095,1610612764.0,Washington Wizards
2024-12-08,TEAM,0.64,1610612763.0,Memphis Grizzlies
2024-12-08,TEAM,0.4,1610612754.0,Indiana Pacers
2024-12-08,TEAM,0.5833333333333334,1610612766.0,Charlotte Hornets
2024-12-08,TEAM,0.56,1610612737.0,Atlanta Hawks
2024-12-08,TEAM,0.5909090909090909,1610612743.0,Denver Nuggets
2024-12-09,TEAM,0.68,1610612761.0,Toronto Raptors
2024-12-09,TEAM,0.5833333333333334,1610612752.0,New York Knicks
2024-12-10,TEAM,0.7916666666666666,1610612760.0,Oklahoma City Thunder
2024-12-10,TEAM,0.44,1610612742.0,Dallas Mavericks
2024-12-10,TEAM,0.5,1610612749.0,Milwaukee Bucks
2024-12-10,TEAM,0.7037037037037037,1610612753.0,Orlando Magic
2024-12-11,TEAM,0.56,1610612745.0,Houston Rockets
2024-12-11,TEAM,0.5833333333333334,1610612744.0,Golden State Warriors
2024-12-11,TEAM,0.56,1610612752.0,New York Knicks
2024-12-11,TEAM,0.5384615384615384,1610612737.0,Atlanta Hawks
2024-12-12,TEAM,0.5454545454545454,1610612748.0,Miami Heat
2024-12-12,TEAM,0.6923076923076923,1610612761.0,Toronto Raptors
2024-12-12,TEAM,0.7692307692307693,1610612740.0,New Orleans Pelicans
2024-12-12,TEAM,0.5,1610612758.0,Sacramento Kings
2024-12-12,TEAM,0.76,1610612738.0,Boston Celtics
2024-12-12,TEAM,0.5769230769230769,1610612765.0,Detroit Pistons
2024-12-13,TEAM,0.4782608695652174,1610612755.0,Philadelphia 76ers
2024-12-13,TEAM,0.4230769230769231,1610612754.0,Indiana Pacers
2024-12-13,TEAM,0.6086956521739131,1610612743.0,Denver Nuggets
2024-12-13,TEAM,0.46153846153846156,1610612746.0,LA Clippers
2024-12-13,TEAM,0.6538461538461539,1610612763.0,Memphis Grizzlies
2024-12-13,TEAM,0.56,1610612751.0,Brooklyn Nets
2024-12-13,TEAM,0.5384615384615384,1610612741.0,Chicago Bulls
2024-12-13,TEAM,0.6,1610612766.0,Charlotte Hornets
2024-12-13,TEAM,0.75,1610612762.0,Utah Jazz
2024-12-13,TEAM,0.5416666666666666,1610612756.0,Phoenix Suns
2024-12-13,TEAM,0.6923076923076923,1610612739.0,Cleveland Cavaliers
2024-12-13,TEAM,0.8181818181818182,1610612764.0,Washington Wizards
2024-12-13,TEAM,0.68,1610612757.0,Portland Trail Blazers
2024-12-13,TEAM,0.44,1610612759.0,San Antonio Spurs
2024-12-13,TEAM,0.375,1610612750.0,Minnesota Timberwolves
2024-12-13,TEAM,0.56,1610612747.0,Los Angeles Lakers
2024-12-15,TEAM,0.7142857142857143,1610612753.0,Orlando Magic
2024-12-15,TEAM,0.5769230769230769,1610612752.0,New York Knicks
2024-12-15,TEAM,0.5384615384615384,1610612747.0,Los Angeles Lakers
2024-12-15,TEAM,0.6296296296296297,1610612763.0,Memphis Grizzlies
2024-12-15,TEAM,0.4444444444444444,1610612754.0,Indiana Pacers
2024-12-15,TEAM,0.7777777777777778,1610612740.0,New Orleans Pelicans
2024-12-15,TEAM,0.56,1610612756.0,Phoenix Suns
2024-12-15,TEAM,0.6923076923076923,1610612757.0,Portland Trail Blazers
2024-12-15,TEAM,0.6,1610612744.0,Golden State Warriors
2024-12-15,TEAM,0.46153846153846156,1610612742.0,Dallas Mavericks
2024-12-15,TEAM,0.8260869565217391,1610612764.0,Washington Wizards
2024-12-15,TEAM,0.7692307692307693,1610612738.0,Boston Celtics
2024-12-15,TEAM,0.4230769230769231,1610612759.0,San Antonio Spurs
2024-12-15,TEAM,0.36,1610612750.0,Minnesota Timberwolves
2024-12-16,TEAM,0.5185185185185185,1610612758.0,Sacramento Kings
2024-12-16,TEAM,0.625,1610612743.0,Denver Nuggets
2024-12-16,TEAM,0.5555555555555556,1610612765.0,Detroit Pistons
2024-12-16,TEAM,0.5217391304347826,1610612748.0,Miami Heat
2024-12-16,TEAM,0.48148148148148145,1610612746.0,LA Clippers
2024-12-16,TEAM,0.76,1610612762.0,Utah Jazz
2024-12-16,TEAM,0.5769230769230769,1610612751.0,Brooklyn Nets
2024-12-16,TEAM,0.7037037037037037,1610612739.0,Cleveland Cavaliers
2024-12-16,TEAM,0.7037037037037037,1610612761.0,Toronto Raptors
2024-12-16,TEAM,0.5555555555555556,1610612741.0,Chicago Bulls
2024-12-16,TEAM,0.6153846153846154,1610612766.0,Charlotte Hornets
2024-12-16,TEAM,0.5,1610612755.0,Philadelphia 76ers
2024-12-19,TEAM,0.7407407407407407,1610612738.0,Boston Celtics
2024-12-19,TEAM,0.5357142857142857,1610612741.0,Chicago Bulls
2024-12-19,TEAM,0.7916666666666666,1610612764.0,Washington Wizards
2024-12-19,TEAM,0.5925925925925926,1610612766.0,Charlotte Hornets
2024-12-19,TEAM,0.5769230769230769,1610612756.0,Phoenix Suns
2024-12-19,TEAM,0.4642857142857143,1610612754.0,Indiana Pacers
2024-12-19,TEAM,0.5769230769230769,1610612745.0,Houston Rockets
2024-12-19,TEAM,0.7857142857142857,1610612740.0,New Orleans Pelicans
2024-12-19,TEAM,0.5714285714285714,1610612765.0,Detroit Pistons
2024-12-19,TEAM,0.7692307692307693,1610612762.0,Utah Jazz
2024-12-19,TEAM,0.4444444444444444,1610612742.0,Dallas Mavericks
2024-12-19,TEAM,0.4642857142857143,1610612746.0,LA Clippers
2024-12-19,TEAM,0.6428571428571429,1610612763.0,Memphis Grizzlies
2024-12-19,TEAM,0.6153846153846154,1610612744.0,Golden State Warriors
2024-12-19,TEAM,0.6666666666666666,1610612757.0,Portland Trail Blazers
2024-12-19,TEAM,0.6,1610612743.0,Denver Nuggets
2024-12-19,TEAM,0.5,1610612758.0,Sacramento Kings
2024-12-19,TEAM,0.5185185185185185,1610612747.0,Los Angeles Lakers
2024-12-19,TEAM,0.4074074074074074,1610612759.0,San Antonio Spurs
2024-12-19,TEAM,0.5185185185185185,1610612737.0,Atlanta Hawks
2024-12-19,TEAM,0.7241379310344828,1610612753.0,Orlando Magic
2024-12-19,TEAM,0.8,1610612760.0,Oklahoma City Thunder
2024-12-19,TEAM,0.7142857142857143,1610612761.0,Toronto Raptors
2024-12-19,TEAM,0.5925925925925926,1610612751.0,Brooklyn Nets
2024-12-19,TEAM,0.38461538461538464,1610612750.0,Minnesota Timberwolves
2024-12-19,TEAM,0.5925925925925926,1610612752.0,New York Knicks
2024-12-20,TEAM,0.7142857142857143,1610612739.0,Cleveland Cavaliers
2024-12-20,TEAM,0.52,1610612749.0,Milwaukee Bucks
2024-12-20,TEAM,0.52,1610612755.0,Philadelphia 76ers
2024-12-20,TEAM,0.6071428571428571,1610612766.0,Charlotte Hornets
2024-12-20,TEAM,0.5416666666666666,1610612748.0,Miami Heat
2024-12-20,TEAM,0.8076923076923077,1610612760.0,Oklahoma City Thunder
2024-12-21,TEAM,0.37037037037037035,1610612750.0,Minnesota Timberwolves
2024-12-21,TEAM,0.5925925925925926,1610612744.0,Golden State Warriors
2024-12-21,TEAM,0.7,1610612753.0,Orlando Magic
2024-12-21,TEAM,0.52,1610612748.0,Miami Heat
2024-12-21,TEAM,0.5517241379310345,1610612741.0,Chicago Bulls
2024-12-21,TEAM,0.75,1610612738.0,Boston Celtics
2024-12-21,TEAM,0.5357142857142857,1610612737.0,Atlanta Hawks
2024-12-21,TEAM,0.6551724137931034,1610612763.0,Memphis Grizzlies
2024-12-21,TEAM,0.5172413793103449,1610612758.0,Sacramento Kings
2024-12-21,TEAM,0.5357142857142857,1610612747.0,Los Angeles Lakers
2024-12-21,TEAM,0.7931034482758621,1610612740.0,New Orleans Pelicans
2024-12-21,TEAM,0.6071428571428571,1610612752.0,New York Knicks
2024-12-21,TEAM,0.5384615384615384,1610612749.0,Milwaukee Bucks
2024-12-21,TEAM,0.8,1610612764.0,Washington Wizards
2024-12-21,TEAM,0.42857142857142855,1610612759.0,San Antonio Spurs
2024-12-21,TEAM,0.6785714285714286,1610612757.0,Portland Trail Blazers
2024-12-21,TEAM,0.4642857142857143,1610612742.0,Dallas Mavericks
2024-12-21,TEAM,0.4827586206896552,1610612746.0,LA Clippers
2024-12-21,TEAM,0.7241379310344828,1610612739.0,Cleveland Cavaliers
2024-12-21,TEAM,0.5384615384615384,1610612755.0,Philadelphia 76ers
2024-12-21,TEAM,0.6071428571428571,1610612751.0,Brooklyn Nets
2024-12-21,TEAM,0.7777777777777778,1610612762.0,Utah Jazz
2024-12-21,TEAM,0.5555555555555556,1610612756.0,Phoenix Suns
2024-12-21,TEAM,0.5517241379310345,1610612765.0,Detroit Pistons
2024-12-22,TEAM,0.7241379310344828,1610612761.0,Toronto Raptors
2024-12-22,TEAM,0.5925925925925926,1610612745.0,Houston Rockets
2024-12-22,TEAM,0.8,1610612740.0,New Orleans Pelicans
2024-12-22,TEAM,0.6153846153846154,1610612743.0,Denver Nuggets
2024-12-22,TEAM,0.5333333333333333,1610612758.0,Sacramento Kings
2024-12-22,TEAM,0.4827586206896552,1610612754.0,Indiana Pacers
2024-12-23,TEAM,0.8148148148148148,1610612760.0,Oklahoma City Thunder
2024-12-23,TEAM,0.8076923076923077,1610612764.0,Washington Wizards
2024-12-23,TEAM,0.6206896551724138,1610612752.0,New York Knicks
2024-12-23,TEAM,0.7333333333333333,1610612761.0,Toronto Raptors
2024-12-23,TEAM,0.6071428571428571,1610612744.0,Golden State Warriors
2024-12-23,TEAM,0.5,1610612754.0,Indiana Pacers
2024-12-23,TEAM,0.4827586206896552,1610612742.0,Dallas Mavericks
2024-12-23,TEAM,0.6896551724137931,1610612757.0,Portland Trail Blazers
2024-12-23,TEAM,0.5384615384615384,1610612748.0,Miami Heat
2024-12-23,TEAM,0.6206896551724138,1610612751.0,Brooklyn Nets
2024-12-23,TEAM,0.6774193548387096,1610612753.0,Orlando Magic
2024-12-23,TEAM,0.7241379310344828,1610612738.0,Boston Celtics
2024-12-23,TEAM,0.6296296296296297,1610612743.0,Denver Nuggets
2024-12-23,TEAM,0.5714285714285714,1610612756.0,Phoenix Suns
2024-12-23,TEAM,0.7333333333333333,1610612739.0,Cleveland Cavaliers
2024-12-23,TEAM,0.7857142857142857,1610612762.0,Utah Jazz
2024-12-23,TEAM,0.5666666666666667,1610612741.0,Chicago Bulls
2024-12-23,TEAM,0.5555555555555556,1610612749.0,Milwaukee Bucks
2024-12-23,TEAM,0.6206896551724138,1610612766.0,Charlotte Hornets
2024-12-23,TEAM,0.6071428571428571,1610612745.0,Houston Rockets
2024-12-23,TEAM,0.5185185185185185,1610612755.0,Philadelphia 76ers
2024-12-23,TEAM,0.41379310344827586,1610612759.0,San Antonio Spurs
2024-12-23,TEAM,0.6333333333333333,1610612763.0,Memphis Grizzlies
2024-12-23,TEAM,0.4666666666666667,1610612746.0,LA Clippers
2024-12-23,TEAM,0.5517241379310345,1610612737.0,Atlanta Hawks
2024-12-23,TEAM,0.39285714285714285,1610612750.0,Minnesota Timberwolves
2024-12-23,TEAM,0.5172413793103449,1610612747.0,Los Angeles Lakers
2024-12-23,TEAM,0.5333333333333333,1610612765.0,Detroit Pistons
2024-12-25,TEAM,0.6206896551724138,1610612744.0,Golden State Warriors
2024-12-25,TEAM,0.5333333333333333,1610612747.0,Los Angeles Lakers
2024-12-25,TEAM,0.4666666666666667,1610612742.0,Dallas Mavericks
2024-12-25,TEAM,0.3793103448275862,1610612750.0,Minnesota Timberwolves
2024-12-25,TEAM,0.5517241379310345,1610612756.0,Phoenix Suns
2024-12-25,TEAM,0.6071428571428571,1610612743.0,Denver Nuggets
2024-12-25,TEAM,0.7,1610612738.0,Boston Celtics
2024-12-25,TEAM,0.5,1610612755.0,Philadelphia 76ers
2024-12-25,TEAM,0.6333333333333333,1610612752.0,New York Knicks
2024-12-25,TEAM,0.43333333333333335,1610612759.0,San Antonio Spurs
2024-12-26,TEAM,0.5483870967741935,1610612758.0,Sacramento Kings
2024-12-26,TEAM,0.5483870967741935,1610612765.0,Detroit Pistons
2024-12-26,TEAM,0.6451612903225806,1610612763.0,Memphis Grizzlies
2024-12-26,TEAM,0.7419354838709677,1610612761.0,Toronto Raptors
2024-12-26,TEAM,0.5161290322580645,1610612754.0,Indiana Pacers
2024-12-26,TEAM,0.8214285714285714,1610612760.0,Oklahoma City Thunder
2024-12-26,TEAM,0.5333333333333333,1610612737.0,Atlanta Hawks
2024-12-26,TEAM,0.5483870967741935,1610612741.0,Chicago Bulls
2024-12-26,TEAM,0.7777777777777778,1610612764.0,Washington Wizards
2024-12-26,TEAM,0.6,1610612766.0,Charlotte Hornets
2024-12-26,TEAM,0.6875,1610612753.0,Orlando Magic
2024-12-26,TEAM,0.5555555555555556,1610612748.0,Miami Heat
2024-12-26,TEAM,0.6666666666666666,1610612757.0,Portland Trail Blazers
2024-12-26,TEAM,0.7586206896551724,1610612762.0,Utah Jazz
2024-12-26,TEAM,0.5357142857142857,1610612749.0,Milwaukee Bucks
2024-12-26,TEAM,0.6,1610612751.0,Brooklyn Nets
2024-12-26,TEAM,0.8064516129032258,1610612740.0,New Orleans Pelicans
2024-12-26,TEAM,0.6206896551724138,1610612745.0,Houston Rockets
2024-12-27,TEAM,0.696969696969697,1610612753.0,Orlando Magic
2024-12-27,TEAM,0.6451612903225806,1610612752.0,New York Knicks
2024-12-27,TEAM,0.4838709677419355,1610612746.0,LA Clippers
2024-12-27,TEAM,0.6333333333333333,1610612744.0,Golden State Warriors
2024-12-27,TEAM,0.6,1610612745.0,Houston Rockets
2024-12-27,TEAM,0.36666666666666664,1610612750.0,Minnesota Timberwolves
2024-12-27,TEAM,0.6129032258064516,1610612751.0,Brooklyn Nets
2024-12-27,TEAM,0.45161290322580644,1610612759.0,San Antonio Spurs
2024-12-27,TEAM,0.5666666666666667,1610612756.0,Phoenix Suns
2024-12-27,TEAM,0.4838709677419355,1610612742.0,Dallas Mavericks
2024-12-27,TEAM,0.6774193548387096,1610612738.0,Boston Celtics
2024-12-27,TEAM,0.5,1610612754.0,Indiana Pacers
2024-12-27,TEAM,0.8125,1610612740.0,New Orleans Pelicans
2024-12-27,TEAM,0.65625,1610612763.0,Memphis Grizzlies
2024-12-27,TEAM,0.6206896551724138,1610612743.0,Denver Nuggets
2024-12-27,TEAM,0.7419354838709677,1610612739.0,Cleveland Cavaliers
2024-12-28,TEAM,0.6451612903225806,1610612757.0,Portland Trail Blazers
2024-12-28,TEAM,0.46875,1610612742.0,Dallas Mavericks
2024-12-28,TEAM,0.53125,1610612741.0,Chicago Bulls
2024-12-28,TEAM,0.5172413793103449,1610612749.0,Milwaukee Bucks
2024-12-28,TEAM,0.6129032258064516,1610612744.0,Golden State Warriors
2024-12-28,TEAM,0.5483870967741935,1610612756.0,Phoenix Suns
2024-12-28,TEAM,0.5483870967741935,1610612747.0,Los Angeles Lakers
2024-12-28,TEAM,0.5625,1610612758.0,Sacramento Kings
2024-12-28,TEAM,0.6333333333333333,1610612743.0,Denver Nuggets
2024-12-28,TEAM,0.5625,1610612765.0,Detroit Pistons
2024-12-28,TEAM,0.7666666666666667,1610612762.0,Utah Jazz
2024-12-28,TEAM,0.5172413793103449,1610612755.0,Philadelphia 76ers
2024-12-28,TEAM,0.6129032258064516,1610612766.0,Charlotte Hornets
2024-12-28,TEAM,0.8275862068965517,1610612760.0,Oklahoma City Thunder
2024-12-28,TEAM,0.5483870967741935,1610612737.0,Atlanta Hawks
2024-12-28,TEAM,0.5714285714285714,1610612748.0,Miami Heat
2024-12-28,TEAM,0.7857142857142857,1610612764.0,Washington Wizards
2024-12-28,TEAM,0.65625,1610612752.0,New York Knicks
2024-12-29,TEAM,0.8333333333333334,1610612760.0,Oklahoma City Thunder
2024-12-29,TEAM,0.6666666666666666,1610612763.0,Memphis Grizzlies
2024-12-29,TEAM,0.5806451612903226,1610612745.0,Houston Rockets
2024-12-29,TEAM,0.5517241379310345,1610612748.0,Miami Heat
2024-12-29,TEAM,0.3548387096774194,1610612750.0,Minnesota Timberwolves
2024-12-29,TEAM,0.4375,1610612759.0,San Antonio Spurs
2024-12-29,TEAM,0.7058823529411765,1610612753.0,Orlando Magic
2024-12-29,TEAM,0.625,1610612751.0,Brooklyn Nets
2024-12-29,TEAM,0.6875,1610612738.0,Boston Celtics
2024-12-29,TEAM,0.5151515151515151,1610612754.0,Indiana Pacers
2024-12-29,TEAM,0.75,1610612761.0,Toronto Raptors
2024-12-29,TEAM,0.5625,1610612737.0,Atlanta Hawks
2024-12-30,TEAM,0.625,1610612766.0,Charlotte Hornets
2024-12-30,TEAM,0.5454545454545454,1610612741.0,Chicago Bulls
2024-12-30,TEAM,0.625,1610612744.0,Golden State Warriors
2024-12-30,TEAM,0.75,1610612739.0,Cleveland Cavaliers
2024-12-30,TEAM,0.7741935483870968,1610612762.0,Utah Jazz
2024-12-30,TEAM,0.6451612903225806,1610612743.0,Denver Nuggets
2024-12-30,TEAM,0.8181818181818182,1610612740.0,New Orleans Pelicans
2024-12-30,TEAM,0.5,1610612746.0,LA Clippers
2024-12-30,TEAM,0.65625,1610612757.0,Portland Trail Blazers
2024-12-30,TEAM,0.5333333333333333,1610612755.0,Philadelphia 76ers
2024-12-30,TEAM,0.7931034482758621,1610612764.0,Washington Wizards
2024-12-30,TEAM,0.6666666666666666,1610612752.0,New York Knicks
2024-12-30,TEAM,0.5454545454545454,1610612758.0,Sacramento Kings
2024-12-30,TEAM,0.45454545454545453,1610612742.0,Dallas Mavericks
2024-12-31,TEAM,0.8387096774193549,1610612760.0,Oklahoma City Thunder
2024-12-31,TEAM,0.375,1610612750.0,Minnesota Timberwolves
2024-12-31,TEAM,0.5294117647058824,1610612754.0,Indiana Pacers
2024-12-31,TEAM,0.5333333333333333,1610612749.0,Milwaukee Bucks
2024-12-31,TEAM,0.5625,1610612747.0,Los Angeles Lakers
2024-12-31,TEAM,0.7575757575757576,1610612739.0,Cleveland Cavaliers
2024-12-31,TEAM,0.42424242424242425,1610612759.0,San Antonio Spurs
2024-12-31,TEAM,0.48484848484848486,1610612746.0,LA Clippers
2024-12-31,TEAM,0.696969696969697,1610612738.0,Boston Celtics
2024-12-31,TEAM,0.7575757575757576,1610612761.0,Toronto Raptors
2024-12-31,TEAM,0.5625,1610612756.0,Phoenix Suns
2024-12-31,TEAM,0.6764705882352942,1610612763.0,Memphis Grizzlies
2025-01-01,TEAM,0.5666666666666667,1610612748.0,Miami Heat
2025-01-01,TEAM,0.8235294117647058,1610612740.0,New Orleans Pelicans
2025-01-01,TEAM,0.5454545454545454,1610612765.0,Detroit Pistons
2025-01-01,TEAM,0.6857142857142857,1610612753.0,Orlando Magic
2025-01-01,TEAM,0.6764705882352942,1610612752.0,New York Knicks
2025-01-01,TEAM,0.78125,1610612762.0,Utah Jazz
2025-01-01,TEAM,0.7352941176470589,1610612761.0,Toronto Raptors
2025-01-01,TEAM,0.6060606060606061,1610612751.0,Brooklyn Nets
2025-01-01,TEAM,0.5625,1610612745.0,Houston Rockets
2025-01-01,TEAM,0.4411764705882353,1610612742.0,Dallas Mavericks
2025-01-01,TEAM,0.7666666666666667,1610612764.0,Washington Wizards
2025-01-01,TEAM,0.5294117647058824,1610612741.0,Chicago Bulls
2025-01-01,TEAM,0.65625,1610612743.0,Denver Nuggets
2025-01-01,TEAM,0.5757575757575758,1610612737.0,Atlanta Hawks
2025-01-01,TEAM,0.5294117647058824,1610612758.0,Sacramento Kings
2025-01-01,TEAM,0.5161290322580645,1610612755.0,Philadelphia 76ers
2025-01-02,TEAM,0.3939393939393939,1610612750.0,Minnesota Timberwolves
2025-01-02,TEAM,0.7058823529411765,1610612738.0,Boston Celtics
2025-01-02,TEAM,0.5757575757575758,1610612747.0,Los Angeles Lakers
2025-01-02,TEAM,0.6666666666666666,1610612757.0,Portland Trail Blazers
2025-01-02,TEAM,0.5161290322580645,1610612749.0,Milwaukee Bucks
2025-01-02,TEAM,0.5882352941176471,1610612751.0,Brooklyn Nets
2025-01-02,TEAM,0.5806451612903226,1610612748.0,Miami Heat
2025-01-02,TEAM,0.5428571428571428,1610612754.0,Indiana Pacers
2025-01-02,TEAM,0.6060606060606061,1610612744.0,Golden State Warriors
2025-01-02,TEAM,0.5,1610612755.0,Philadelphia 76ers
2025-01-02,TEAM,0.84375,1610612760.0,Oklahoma City Thunder
2025-01-02,TEAM,0.5,1610612746.0,LA Clippers
2025-01-03,TEAM,0.7428571428571429,1610612761.0,Toronto Raptors
2025-01-03,TEAM,0.6944444444444444,1610612753.0,Orlando Magic
2025-01-03,TEAM,0.6363636363636364,1610612743.0,Denver Nuggets
2025-01-03,TEAM,0.4117647058823529,1610612759.0,San Antonio Spurs
2025-01-03,TEAM,0.5588235294117647,1610612765.0,Detroit Pistons
2025-01-03,TEAM,0.6363636363636364,1610612766.0,Charlotte Hornets
2025-01-03,TEAM,0.5757575757575758,1610612745.0,Houston Rockets
2025-01-03,TEAM,0.7142857142857143,1610612738.0,Boston Celtics
2025-01-03,TEAM,0.5142857142857142,1610612758.0,Sacramento Kings
2025-01-03,TEAM,0.6571428571428571,1610612763.0,Memphis Grizzlies
2025-01-03,TEAM,0.5588235294117647,1610612747.0,Los Angeles Lakers
2025-01-03,TEAM,0.5588235294117647,1610612737.0,Atlanta Hawks
2025-01-03,TEAM,0.8,1610612740.0,New Orleans Pelicans
2025-01-03,TEAM,0.7419354838709677,1610612764.0,Washington Wizards
2025-01-03,TEAM,0.8484848484848485,1610612760.0,Oklahoma City Thunder
2025-01-03,TEAM,0.6857142857142857,1610612752.0,New York Knicks
2025-01-03,TEAM,0.45714285714285713,1610612742.0,Dallas Mavericks
2025-01-03,TEAM,0.7647058823529411,1610612739.0,Cleveland Cavaliers
2025-01-04,TEAM,0.5,1610612749.0,Milwaukee Bucks
2025-01-04,TEAM,0.6470588235294118,1610612757.0,Portland Trail Blazers
2025-01-04,TEAM,0.42857142857142855,1610612759.0,San Antonio Spurs
2025-01-04,TEAM,0.6470588235294118,1610612743.0,Denver Nuggets
2025-01-04,TEAM,0.5625,1610612748.0,Miami Heat
2025-01-04,TEAM,0.7575757575757576,1610612762.0,Utah Jazz
2025-01-04,TEAM,0.5428571428571428,1610612765.0,Detroit Pistons
2025-01-04,TEAM,0.38235294117647056,1610612750.0,Minnesota Timberwolves
2025-01-04,TEAM,0.5555555555555556,1610612754.0,Indiana Pacers
2025-01-04,TEAM,0.5757575757575758,1610612756.0,Phoenix Suns
2025-01-04,TEAM,0.5142857142857142,1610612741.0,Chicago Bulls
2025-01-04,TEAM,0.6666666666666666,1610612752.0,New York Knicks
2025-01-04,TEAM,0.4857142857142857,1610612746.0,LA Clippers
2025-01-04,TEAM,0.5428571428571428,1610612737.0,Atlanta Hawks
2025-01-04,TEAM,0.5882352941176471,1610612744.0,Golden State Warriors
2025-01-04,TEAM,0.6388888888888888,1610612763.0,Memphis Grizzlies
2025-01-04,TEAM,0.6,1610612751.0,Brooklyn Nets
2025-01-04,TEAM,0.5151515151515151,1610612755.0,Philadelphia 76ers
2025-04-11,TEAM,0.7647058823529411,1610612762.0,Utah Jazz
2025-04-11,TEAM,0.8529411764705882,1610612760.0,Oklahoma City Thunder
2025-04-11,TEAM,0.8055555555555556,1610612740.0,New Orleans Pelicans
2025-04-11,TEAM,0.5757575757575758,1610612748.0,Miami Heat
2025-04-11,TEAM,0.6571428571428571,1610612743.0,Denver Nuggets
2025-04-11,TEAM,0.6486486486486487,1610612763.0,Memphis Grizzlies
2025-04-11,TEAM,0.6571428571428571,1610612757.0,Portland Trail Blazers
2025-04-11,TEAM,0.6,1610612744.0,Golden State Warriors
2025-04-11,TEAM,0.4,1610612750.0,Minnesota Timberwolves
2025-04-11,TEAM,0.6111111111111112,1610612751.0,Brooklyn Nets
2025-04-11,TEAM,0.5294117647058824,1610612755.0,Philadelphia 76ers
2025-04-11,TEAM,0.5555555555555556,1610612737.0,Atlanta Hawks
2025-04-11,TEAM,0.5277777777777778,1610612758.0,Sacramento Kings
2025-04-11,TEAM,0.5,1610612746.0,LA Clippers
2025-04-11,TEAM,0.5588235294117647,1610612756.0,Phoenix Suns
2025-04-11,TEAM,0.4166666666666667,1610612759.0,San Antonio Spurs
2025-04-11,TEAM,0.5277777777777778,1610612741.0,Chicago Bulls
2025-04-11,TEAM,0.75,1610612764.0,Washington Wizards
2025-04-11,TEAM,0.5428571428571428,1610612747.0,Los Angeles Lakers
2025-04-11,TEAM,0.5588235294117647,1610612745.0,Houston Rockets
2025-04-11,TEAM,0.7222222222222222,1610612738.0,Boston Celtics
2025-04-11,TEAM,0.6470588235294118,1610612766.0,Charlotte Hornets
2025-04-11,TEAM,0.5405405405405406,1610612754.0,Indiana Pacers
2025-04-11,TEAM,0.6756756756756757,1610612753.0,Orlando Magic
2025-04-11,TEAM,0.5555555555555556,1610612765.0,Detroit Pistons
2025-04-11,TEAM,0.5151515151515151,1610612749.0,Milwaukee Bucks
2025-04-11,TEAM,0.4722222222222222,1610612742.0,Dallas Mavericks
2025-04-11,TEAM,0.75,1610612761.0,Toronto Raptors
2025-04-11,TEAM,0.6756756756756757,1610612752.0,New York Knicks
2025-04-11,TEAM,0.7714285714285715,1610612739.0,Cleveland Cavaliers
2025-04-13,TEAM,0.7297297297297297,1610612738.0,Boston Celtics
2025-04-13,TEAM,0.6571428571428571,1610612766.0,Charlotte Hornets
2025-04-13,TEAM,0.5,1610612749.0,Milwaukee Bucks
2025-04-13,TEAM,0.5405405405405406,1610612765.0,Detroit Pistons
2025-04-13,TEAM,0.6111111111111112,1610612744.0,Golden State Warriors
2025-04-13,TEAM,0.5135135135135135,1610612746.0,LA Clippers
2025-04-13,TEAM,0.6216216216216216,1610612751.0,Brooklyn Nets
2025-04-13,TEAM,0.6842105263157895,1610612752.0,New York Knicks
2025-04-13,TEAM,0.5588235294117647,1610612748.0,Miami Heat
2025-04-13,TEAM,0.7272727272727273,1610612764.0,Washington Wizards
2025-04-13,TEAM,0.8108108108108109,1610612740.0,New Orleans Pelicans
2025-04-13,TEAM,0.8571428571428571,1610612760.0,Oklahoma City Thunder
2025-04-13,TEAM,0.43243243243243246,1610612759.0,San Antonio Spurs
2025-04-13,TEAM,0.7567567567567568,1610612761.0,Toronto Raptors
2025-04-13,TEAM,0.5405405405405406,1610612758.0,Sacramento Kings
2025-04-13,TEAM,0.5714285714285714,1610612756.0,Phoenix Suns
2025-04-13,TEAM,0.6388888888888888,1610612757.0,Portland Trail Blazers
2025-04-13,TEAM,0.5277777777777778,1610612747.0,Los Angeles Lakers
2025-04-13,TEAM,0.4166666666666667,1610612750.0,Minnesota Timberwolves
2025-04-13,TEAM,0.7714285714285715,1610612762.0,Utah Jazz
2025-04-13,TEAM,0.5675675675675675,1610612737.0,Atlanta Hawks
2025-04-13,TEAM,0.6842105263157895,1610612753.0,Orlando Magic
2025-04-13,TEAM,0.75,1610612739.0,Cleveland Cavaliers
2025-04-13,TEAM,0.5263157894736842,1610612754.0,Indiana Pacers
2025-04-13,TEAM,0.5428571428571428,1610612755.0,Philadelphia 76ers
2025-04-13,TEAM,0.5405405405405406,1610612741.0,Chicago Bulls
2025-04-13,TEAM,0.6578947368421053,1610612763.0,Memphis Grizzlies
2025-04-13,TEAM,0.4864864864864865,1610612742.0,Dallas Mavericks
2025-04-13,TEAM,0.5714285714285714,1610612745.0,Houston Rockets
2025-04-13,TEAM,0.6666666666666666,1610612743.0,Denver Nuggets
2025-04-15,TEAM,0.5945945945945946,1610612744.0,Golden State Warriors
2025-04-15,TEAM,0.6410256410256411,1610612763.0,Memphis Grizzlies
2025-04-15,TEAM,0.6666666666666666,1610612753.0,Orlando Magic
2025-04-15,TEAM,0.5526315789473685,1610612737.0,Atlanta Hawks
2025-04-16,TEAM,0.5526315789473685,1610612758.0,Sacramento Kings
2025-04-16,TEAM,0.5,1610612742.0,Dallas Mavericks
2025-04-16,TEAM,0.5526315789473685,1610612741.0,Chicago Bulls
2025-04-16,TEAM,0.5714285714285714,1610612748.0,Miami Heat
2025-04-18,TEAM,0.65,1610612763.0,Memphis Grizzlies
2025-04-18,TEAM,0.5128205128205128,1610612742.0,Dallas Mavericks
2025-04-18,TEAM,0.5641025641025641,1610612737.0,Atlanta Hawks
2025-04-18,TEAM,0.5833333333333334,1610612748.0,Miami Heat
2025-04-19,TEAM,0.5405405405405406,1610612747.0,Los Angeles Lakers
2025-04-19,TEAM,0.43243243243243246,1610612750.0,Minnesota Timberwolves
2025-04-19,TEAM,0.5128205128205128,1610612754.0,Indiana Pacers
2025-04-19,TEAM,0.4857142857142857,1610612749.0,Milwaukee Bucks
2025-04-19,TEAM,0.6756756756756757,1610612743.0,Denver Nuggets
2025-04-19,TEAM,0.5263157894736842,1610612746.0,LA Clippers
2025-04-19,TEAM,0.6923076923076923,1610612752.0,New York Knicks
2025-04-19,TEAM,0.5526315789473685,1610612765.0,Detroit Pistons
2025-04-20,TEAM,0.5833333333333334,1610612745.0,Houston Rockets
2025-04-20,TEAM,0.6052631578947368,1610612744.0,Golden State Warriors
2025-04-20,TEAM,0.7368421052631579,1610612738.0,Boston Celtics
2025-04-20,TEAM,0.675,1610612753.0,Orlando Magic
2025-04-20,TEAM,0.7567567567567568,1610612739.0,Cleveland Cavaliers
2025-04-20,TEAM,0.5945945945945946,1610612748.0,Miami Heat
2025-04-20,TEAM,0.8611111111111112,1610612760.0,Oklahoma City Thunder
2025-04-20,TEAM,0.6585365853658537,1610612763.0,Memphis Grizzlies
2025-04-21,TEAM,0.675,1610612752.0,New York Knicks
2025-04-21,TEAM,0.5384615384615384,1610612765.0,Detroit Pistons
2025-04-21,TEAM,0.6578947368421053,1610612743.0,Denver Nuggets
2025-04-21,TEAM,0.5128205128205128,1610612746.0,LA Clippers
2025-04-22,TEAM,0.5263157894736842,1610612747.0,Los Angeles Lakers
2025-04-22,TEAM,0.42105263157894735,1610612750.0,Minnesota Timberwolves
2025-04-22,TEAM,0.8648648648648649,1610612760.0,Oklahoma City Thunder
2025-04-22,TEAM,0.6666666666666666,1610612763.0,Memphis Grizzlies
2025-04-22,TEAM,0.525,1610612754.0,Indiana Pacers
2025-04-22,TEAM,0.5,1610612749.0,Milwaukee Bucks
2025-04-23,TEAM,0.7631578947368421,1610612739.0,Cleveland Cavaliers
2025-04-23,TEAM,0.6052631578947368,1610612748.0,Miami Heat
2025-04-23,TEAM,0.5675675675675675,1610612745.0,Houston Rockets
2025-04-23,TEAM,0.5897435897435898,1610612744.0,Golden State Warriors
2025-04-23,TEAM,0.7435897435897436,1610612738.0,Boston Celtics
2025-04-23,TEAM,0.6829268292682927,1610612753.0,Orlando Magic
2025-04-24,TEAM,0.5,1610612746.0,LA Clippers
2025-04-24,TEAM,0.6410256410256411,1610612743.0,Denver Nuggets
2025-04-24,TEAM,0.6744186046511628,1610612763.0,Memphis Grizzlies
2025-04-24,TEAM,0.868421052631579,1610612760.0,Oklahoma City Thunder
2025-04-24,TEAM,0.55,1610612765.0,Detroit Pistons
2025-04-24,TEAM,0.6829268292682927,1610612752.0,New York Knicks
2025-04-25,TEAM,0.41025641025641024,1610612750.0,Minnesota Timberwolves
2025-04-25,TEAM,0.5128205128205128,1610612747.0,Los Angeles Lakers
2025-04-25,TEAM,0.4864864864864865,1610612749.0,Milwaukee Bucks
2025-04-25,TEAM,0.5121951219512195,1610612754.0,Indiana Pacers
2025-04-25,TEAM,0.6666666666666666,1610612753.0,Orlando Magic
2025-04-25,TEAM,0.725,1610612738.0,Boston Celtics
2025-04-26,TEAM,0.575,1610612744.0,Golden State Warriors
2025-04-26,TEAM,0.5526315789473685,1610612745.0,Houston Rockets
2025-04-26,TEAM,0.4878048780487805,1610612746.0,LA Clippers
2025-04-26,TEAM,0.625,1610612743.0,Denver Nuggets
2025-04-26,TEAM,0.6153846153846154,1610612748.0,Miami Heat
2025-04-26,TEAM,0.7692307692307693,1610612739.0,Cleveland Cavaliers
2025-04-26,TEAM,0.6818181818181818,1610612763.0,Memphis Grizzlies
2025-04-26,TEAM,0.8717948717948718,1610612760.0,Oklahoma City Thunder
2025-04-27,TEAM,0.5609756097560976,1610612765.0,Detroit Pistons
2025-04-27,TEAM,0.6904761904761905,1610612752.0,New York Knicks
2025-04-27,TEAM,0.5,1610612749.0,Milwaukee Bucks
2025-04-27,TEAM,0.5238095238095238,1610612754.0,Indiana Pacers
2025-04-27,TEAM,0.425,1610612750.0,Minnesota Timberwolves
2025-04-27,TEAM,0.525,1610612747.0,Los Angeles Lakers
2025-04-27,TEAM,0.6744186046511628,1610612753.0,Orlando Magic
2025-04-27,TEAM,0.7317073170731707,1610612738.0,Boston Celtics
2025-04-28,TEAM,0.625,1610612748.0,Miami Heat
2025-04-28,TEAM,0.775,1610612739.0,Cleveland Cavaliers
2025-04-28,TEAM,0.5853658536585366,1610612744.0,Golden State Warriors
2025-04-28,TEAM,0.5641025641025641,1610612745.0,Houston Rockets
2025-04-29,TEAM,0.5348837209302325,1610612754.0,Indiana Pacers
2025-04-29,TEAM,0.5128205128205128,1610612749.0,Milwaukee Bucks
2025-04-29,TEAM,0.6097560975609756,1610612743.0,Denver Nuggets
2025-04-29,TEAM,0.47619047619047616,1610612746.0,LA Clippers
2025-04-29,TEAM,0.6744186046511628,1610612752.0,New York Knicks
2025-04-29,TEAM,0.5476190476190477,1610612765.0,Detroit Pistons
2025-04-29,TEAM,0.7380952380952381,1610612738.0,Boston Celtics
2025-04-29,TEAM,0.6818181818181818,1610612753.0,Orlando Magic
2025-04-30,TEAM,0.55,1610612745.0,Houston Rockets
2025-04-30,TEAM,0.5714285714285714,1610612744.0,Golden State Warriors
2025-04-30,TEAM,0.5365853658536586,1610612747.0,Los Angeles Lakers
2025-04-30,TEAM,0.43902439024390244,1610612750.0,Minnesota Timberwolves
2025-05-01,TEAM,0.5581395348837209,1610612765.0,Detroit Pistons
2025-05-01,TEAM,0.6818181818181818,1610612752.0,New York Knicks
2025-05-01,TEAM,0.46511627906976744,1610612746.0,LA Clippers
2025-05-01,TEAM,0.5952380952380952,1610612743.0,Denver Nuggets
2025-05-02,TEAM,0.5581395348837209,1610612744.0,Golden State Warriors
2025-05-02,TEAM,0.5365853658536586,1610612745.0,Houston Rockets
2025-05-03,TEAM,0.6046511627906976,1610612743.0,Denver Nuggets
2025-05-03,TEAM,0.4772727272727273,1610612746.0,LA Clippers
2025-05-04,TEAM,0.7560975609756098,1610612739.0,Cleveland Cavaliers
2025-05-04,TEAM,0.5227272727272727,1610612754.0,Indiana Pacers
2025-05-04,TEAM,0.5476190476190477,1610612745.0,Houston Rockets
2025-05-04,TEAM,0.5681818181818182,1610612744.0,Golden State Warriors
2025-05-05,TEAM,0.7209302325581395,1610612738.0,Boston Celtics
2025-05-05,TEAM,0.6666666666666666,1610612752.0,New York Knicks
2025-05-05,TEAM,0.85,1610612760.0,Oklahoma City Thunder
2025-05-05,TEAM,0.5909090909090909,1610612743.0,Denver Nuggets
2025-05-06,TEAM,0.7380952380952381,1610612739.0,Cleveland Cavaliers
2025-05-06,TEAM,0.5111111111111111,1610612754.0,Indiana Pacers
2025-05-06,TEAM,0.42857142857142855,1610612750.0,Minnesota Timberwolves
2025-05-06,TEAM,0.5555555555555556,1610612744.0,Golden State Warriors
2025-05-07,TEAM,0.7045454545454546,1610612738.0,Boston Celtics
2025-05-07,TEAM,0.6521739130434783,1610612752.0,New York Knicks
2025-05-07,TEAM,0.8536585365853658,1610612760.0,Oklahoma City Thunder
2025-05-07,TEAM,0.6,1610612743.0,Denver Nuggets
2025-05-08,TEAM,0.4186046511627907,1610612750.0,Minnesota Timberwolves
2025-05-08,TEAM,0.5434782608695652,1610612744.0,Golden State Warriors
2025-05-09,TEAM,0.5217391304347826,1610612754.0,Indiana Pacers
2025-05-09,TEAM,0.7441860465116279,1610612739.0,Cleveland Cavaliers
2025-05-09,TEAM,0.5869565217391305,1610612743.0,Denver Nuggets
2025-05-09,TEAM,0.8333333333333334,1610612760.0,Oklahoma City Thunder
2025-05-10,TEAM,0.6595744680851063,1610612752.0,New York Knicks
2025-05-10,TEAM,0.7111111111111111,1610612738.0,Boston Celtics
2025-05-10,TEAM,0.5531914893617021,1610612744.0,Golden State Warriors
2025-05-10,TEAM,0.4318181818181818,1610612750.0,Minnesota Timberwolves
2024-10-22,OVERALL,1.0,,
2024-10-22,HOME_ROLE,1.0,,
2024-10-22,AWAY_ROLE,1.0,,
2024-10-23,OVERALL,0.6666666666666666,,
2024-10-23,HOME_ROLE,0.6666666666666666,,
2024-10-23,AWAY_ROLE,0.6666666666666666,,
2024-10-24,OVERALL,0.75,,
2024-10-24,HOME_ROLE,0.75,,
2024-10-24,AWAY_ROLE,0.75,,
2024-10-25,OVERALL,0.7692307692307693,,
2024-10-25,HOME_ROLE,0.7692307692307693,,
2024-10-25,AWAY_ROLE,0.7692307692307693,,
2024-10-26,OVERALL,0.7222222222222222,,
2024-10-26,HOME_ROLE,0.7222222222222222,,
2024-10-26,AWAY_ROLE,0.7222222222222222,,
2024-10-27,OVERALL,0.6585365853658537,,
2024-10-27,HOME_ROLE,0.6585365853658537,,
2024-10-27,AWAY_ROLE,0.6585365853658537,,
2024-10-28,OVERALL,0.6538461538461539,,
2024-10-28,HOME_ROLE,0.6538461538461539,,
2024-10-28,AWAY_ROLE,0.6538461538461539,,
2024-10-29,OVERALL,0.6785714285714286,,
2024-10-29,HOME_ROLE,0.6785714285714286,,
2024-10-29,AWAY_ROLE,0.6785714285714286,,
2024-10-30,OVERALL,0.6268656716417911,,
2024-10-30,HOME_ROLE,0.6268656716417911,,
2024-10-30,AWAY_ROLE,0.6268656716417911,,
2024-10-31,OVERALL,0.6197183098591549,,
2024-10-31,HOME_ROLE,0.6197183098591549,,
2024-10-31,AWAY_ROLE,0.6197183098591549,,
2024-11-01,OVERALL,0.625,,
2024-11-01,HOME_ROLE,0.625,,
2024-11-01,AWAY_ROLE,0.625,,
2024-11-02,OVERALL,0.6292134831460674,,
2024-11-02,HOME_ROLE,0.6292134831460674,,
2024-11-02,AWAY_ROLE,0.6292134831460674,,
2024-11-03,OVERALL,0.6304347826086957,,
2024-11-03,HOME_ROLE,0.6304347826086957,,
2024-11-03,AWAY_ROLE,0.6304347826086957,,
2024-11-04,OVERALL,0.6074766355140186,,
2024-11-04,HOME_ROLE,0.6074766355140186,,
2024-11-04,AWAY_ROLE,0.6074766355140186,,
2024-11-06,OVERALL,0.5882352941176471,,
2024-11-06,HOME_ROLE,0.5882352941176471,,
2024-11-06,AWAY_ROLE,0.5882352941176471,,
2024-11-07,OVERALL,0.5901639344262295,,
2024-11-07,HOME_ROLE,0.5901639344262295,,
2024-11-07,AWAY_ROLE,0.5901639344262295,,
2024-11-08,OVERALL,0.5925925925925926,,
2024-11-08,HOME_ROLE,0.5925925925925926,,
2024-11-08,AWAY_ROLE,0.5925925925925926,,
2024-11-09,OVERALL,0.5971223021582733,,
2024-11-09,HOME_ROLE,0.5971223021582733,,
2024-11-09,AWAY_ROLE,0.5971223021582733,,
2024-11-10,OVERALL,0.5933333333333334,,
2024-11-10,HOME_ROLE,0.5933333333333334,,
2024-11-10,AWAY_ROLE,0.5933333333333334,,
2024-11-11,OVERALL,0.6,,
2024-11-11,HOME_ROLE,0.6,,
2024-11-11,AWAY_ROLE,0.6,,
2024-11-12,OVERALL,0.588957055214724,,
2024-11-12,HOME_ROLE,0.588957055214724,,
2024-11-12,AWAY_ROLE,0.588957055214724,,
2024-11-13,OVERALL,0.5862068965517241,,
2024-11-13,HOME_ROLE,0.5862068965517241,,
2024-11-13,AWAY_ROLE,0.5862068965517241,,
2024-11-14,OVERALL,0.5828571428571429,,
2024-11-14,HOME_ROLE,0.5828571428571429,,
2024-11-14,AWAY_ROLE,0.5828571428571429,,
2024-11-15,OVERALL,0.5882352941176471,,
2024-11-15,HOME_ROLE,0.5882352941176471,,
2024-11-15,AWAY_ROLE,0.5882352941176471,,
2024-11-16,OVERALL,0.5885416666666666,,
2024-11-16,HOME_ROLE,0.5885416666666666,,
2024-11-16,AWAY_ROLE,0.5885416666666666,,
2024-11-17,OVERALL,0.5841584158415841,,
2024-11-17,HOME_ROLE,0.5841584158415841,,
2024-11-17,AWAY_ROLE,0.5841584158415841,,
2024-11-18,OVERALL,0.5761904761904761,,
2024-11-18,HOME_ROLE,0.5761904761904761,,
2024-11-18,AWAY_ROLE,0.5761904761904761,,
2024-11-19,OVERALL,0.5740740740740741,,
2024-11-19,HOME_ROLE,0.5740740740740741,,
2024-11-19,AWAY_ROLE,0.5740740740740741,,
2024-11-20,OVERALL,0.5803571428571429,,
2024-11-20,HOME_ROLE,0.5803571428571429,,
2024-11-20,AWAY_ROLE,0.5803571428571429,,
2024-11-21,OVERALL,0.5745614035087719,,
2024-11-21,HOME_ROLE,0.5745614035087719,,
2024-11-21,AWAY_ROLE,0.5745614035087719,,
2024-11-22,OVERALL,0.5677966101694916,,
2024-11-22,HOME_ROLE,0.5677966101694916,,
2024-11-22,AWAY_ROLE,0.5677966101694916,,
2024-11-23,OVERALL,0.5679012345679012,,
2024-11-23,HOME_ROLE,0.5679012345679012,,
2024-11-23,AWAY_ROLE,0.5679012345679012,,
2024-11-24,OVERALL,0.570281124497992,,
2024-11-24,HOME_ROLE,0.570281124497992,,
2024-11-24,AWAY_ROLE,0.570281124497992,,
2024-11-25,OVERALL,0.5813953488372093,,
2024-11-25,HOME_ROLE,0.5813953488372093,,
2024-11-25,AWAY_ROLE,0.5813953488372093,,
2024-11-26,OVERALL,0.5855513307984791,,
2024-11-26,HOME_ROLE,0.5855513307984791,,
2024-11-26,AWAY_ROLE,0.5855513307984791,,
2024-11-27,OVERALL,0.5884476534296029,,
2024-11-27,HOME_ROLE,0.5884476534296029,,
2024-11-27,AWAY_ROLE,0.5884476534296029,,
2024-11-29,OVERALL,0.5888501742160279,,
2024-11-29,HOME_ROLE,0.5888501742160279,,
2024-11-29,AWAY_ROLE,0.5888501742160279,,
2024-11-30,OVERALL,0.589041095890411,,
2024-11-30,HOME_ROLE,0.589041095890411,,
2024-11-30,AWAY_ROLE,0.589041095890411,,
2024-12-01,OVERALL,0.5894039735099338,,
2024-12-01,HOME_ROLE,0.5894039735099338,,
2024-12-01,AWAY_ROLE,0.5894039735099338,,
2024-12-02,OVERALL,0.5882352941176471,,
2024-12-02,HOME_ROLE,0.5882352941176471,,
2024-12-02,AWAY_ROLE,0.5882352941176471,,
2024-12-03,OVERALL,0.5867507886435331,,
2024-12-03,HOME_ROLE,0.5867507886435331,,
2024-12-03,AWAY_ROLE,0.5867507886435331,,
2024-12-04,OVERALL,0.5820433436532507,,
2024-12-04,HOME_ROLE,0.5820433436532507,,
2024-12-04,AWAY_ROLE,0.5820433436532507,,
2024-12-05,OVERALL,0.5830815709969789,,
2024-12-05,HOME_ROLE,0.5830815709969789,,
2024-12-05,AWAY_ROLE,0.5830815709969789,,
2024-12-06,OVERALL,0.5828402366863905,,
2024-12-06,HOME_ROLE,0.5828402366863905,,
2024-12-06,AWAY_ROLE,0.5828402366863905,,
2024-12-07,OVERALL,0.5797101449275363,,
2024-12-07,HOME_ROLE,0.5797101449275363,,
2024-12-07,AWAY_ROLE,0.5797101449275363,,
2024-12-08,OVERALL,0.5826330532212886,,
2024-12-08,HOME_ROLE,0.5826330532212886,,
2024-12-08,AWAY_ROLE,0.5826330532212886,,
2024-12-09,OVERALL,0.5837988826815642,,
2024-12-09,HOME_ROLE,0.5837988826815642,,
2024-12-09,AWAY_ROLE,0.5837988826815642,,
2024-12-10,OVERALL,0.5805555555555556,,
2024-12-10,HOME_ROLE,0.5805555555555556,,
2024-12-10,AWAY_ROLE,0.5805555555555556,,
2024-12-11,OVERALL,0.580110497237569,,
2024-12-11,HOME_ROLE,0.580110497237569,,
2024-12-11,AWAY_ROLE,0.580110497237569,,
2024-12-12,OVERALL,0.5835616438356165,,
2024-12-12,HOME_ROLE,0.5835616438356165,,
2024-12-12,AWAY_ROLE,0.5835616438356165,,
2024-12-13,OVERALL,0.5898123324396782,,
2024-12-13,HOME_ROLE,0.5898123324396782,,
2024-12-13,AWAY_ROLE,0.5898123324396782,,
2024-12-15,OVERALL,0.5921052631578947,,
2024-12-15,HOME_ROLE,0.5921052631578947,,
2024-12-15,AWAY_ROLE,0.5921052631578947,,
2024-12-16,OVERALL,0.5958549222797928,,
2024-12-16,HOME_ROLE,0.5958549222797928,,
2024-12-16,AWAY_ROLE,0.5958549222797928,,
2024-12-19,OVERALL,0.5939849624060151,,
2024-12-19,HOME_ROLE,0.5939849624060151,,
2024-12-19,AWAY_ROLE,0.5939849624060151,,
2024-12-20,OVERALL,0.5970149253731343,,
2024-12-20,HOME_ROLE,0.5970149253731343,,
2024-12-20,AWAY_ROLE,0.5970149253731343,,
2024-12-21,OVERALL,0.6014492753623188,,
2024-12-21,HOME_ROLE,0.6014492753623188,,
2024-12-21,AWAY_ROLE,0.6014492753623188,,
2024-12-22,OVERALL,0.60431654676259,,
2024-12-22,HOME_ROLE,0.60431654676259,,
2024-12-22,AWAY_ROLE,0.60431654676259,,
2024-12-23,OVERALL,0.6078886310904872,,
2024-12-23,HOME_ROLE,0.6078886310904872,,
2024-12-23,AWAY_ROLE,0.6078886310904872,,
2024-12-25,OVERALL,0.6055045871559633,,
2024-12-25,HOME_ROLE,0.6055045871559633,,
2024-12-25,AWAY_ROLE,0.6055045871559633,,
2024-12-26,OVERALL,0.604494382022472,,
2024-12-26,HOME_ROLE,0.604494382022472,,
2024-12-26,AWAY_ROLE,0.604494382022472,,
2024-12-27,OVERALL,0.6070640176600441,,
2024-12-27,HOME_ROLE,0.6070640176600441,,
2024-12-27,AWAY_ROLE,0.6070640176600441,,
2024-12-28,OVERALL,0.6082251082251082,,
2024-12-28,HOME_ROLE,0.6082251082251082,,
2024-12-28,AWAY_ROLE,0.6082251082251082,,
2024-12-29,OVERALL,0.6089743589743589,,
2024-12-29,HOME_ROLE,0.6089743589743589,,
2024-12-29,AWAY_ROLE,0.6089743589743589,,
2024-12-30,OVERALL,0.6126315789473684,,
2024-12-30,HOME_ROLE,0.6126315789473684,,
2024-12-30,AWAY_ROLE,0.6126315789473684,,
2024-12-31,OVERALL,0.6153846153846154,,
2024-12-31,HOME_ROLE,0.6153846153846154,,
2024-12-31,AWAY_ROLE,0.6153846153846154,,
2025-01-01,OVERALL,0.6114519427402862,,
2025-01-01,HOME_ROLE,0.6114519427402862,,
2025-01-01,AWAY_ROLE,0.6114519427402862,,
2025-01-02,OVERALL,0.6121212121212121,,
2025-01-02,HOME_ROLE,0.6121212121212121,,
2025-01-02,AWAY_ROLE,0.6121212121212121,,
2025-01-03,OVERALL,0.6111111111111112,,
2025-01-03,HOME_ROLE,0.6111111111111112,,
2025-01-03,AWAY_ROLE,0.6111111111111112,,
2025-01-04,OVERALL,0.6062378167641326,,
2025-01-04,HOME_ROLE,0.6062378167641326,,
2025-01-04,AWAY_ROLE,0.6062378167641326,,
2025-04-11,OVERALL,0.6117424242424242,,
2025-04-11,HOME_ROLE,0.6117424242424242,,
2025-04-11,AWAY_ROLE,0.6117424242424242,,
2025-04-13,OVERALL,0.6151012891344383,,
2025-04-13,HOME_ROLE,0.6151012891344383,,
2025-04-13,AWAY_ROLE,0.6151012891344383,,
2025-04-15,OVERALL,0.6128440366972477,,
2025-04-15,HOME_ROLE,0.6128440366972477,,
2025-04-15,AWAY_ROLE,0.6128440366972477,,
2025-04-16,OVERALL,0.6142595978062158,,
2025-04-16,HOME_ROLE,0.6142595978062158,,
2025-04-16,AWAY_ROLE,0.6142595978062158,,
2025-04-18,OVERALL,0.6156648451730419,,
2025-04-18,HOME_ROLE,0.6156648451730419,,
2025-04-18,AWAY_ROLE,0.6156648451730419,,
2025-04-19,OVERALL,0.6166365280289331,,
2025-04-19,HOME_ROLE,0.6166365280289331,,
2025-04-19,AWAY_ROLE,0.6166365280289331,,
2025-04-20,OVERALL,0.6193895870736086,,
2025-04-20,HOME_ROLE,0.6193895870736086,,
2025-04-20,AWAY_ROLE,0.6193895870736086,,
2025-04-21,OVERALL,0.6171735241502684,,
2025-04-21,HOME_ROLE,0.6171735241502684,,
2025-04-21,AWAY_ROLE,0.6171735241502684,,
2025-04-22,OVERALL,0.6174377224199288,,
2025-04-22,HOME_ROLE,0.6174377224199288,,
2025-04-22,AWAY_ROLE,0.6174377224199288,,
2025-04-23,OVERALL,0.6176991150442478,,
2025-04-23,HOME_ROLE,0.6176991150442478,,
2025-04-23,AWAY_ROLE,0.6176991150442478,,
2025-04-24,OVERALL,0.6179577464788732,,
2025-04-24,HOME_ROLE,0.6179577464788732,,
2025-04-24,AWAY_ROLE,0.6179577464788732,,
2025-04-25,OVERALL,0.6147110332749562,,
2025-04-25,HOME_ROLE,0.6147110332749562,,
2025-04-25,AWAY_ROLE,0.6147110332749562,,
2025-04-26,OVERALL,0.6139130434782609,,
2025-04-26,HOME_ROLE,0.6139130434782609,,
2025-04-26,AWAY_ROLE,0.6139130434782609,,
2025-04-27,OVERALL,0.616580310880829,,
2025-04-27,HOME_ROLE,0.616580310880829,,
2025-04-27,AWAY_ROLE,0.616580310880829,,
2025-04-28,OVERALL,0.6179001721170396,,
2025-04-28,HOME_ROLE,0.6179001721170396,,
2025-04-28,AWAY_ROLE,0.6179001721170396,,
2025-04-29,OVERALL,0.6170940170940171,,
2025-04-29,HOME_ROLE,0.6170940170940171,,
2025-04-29,AWAY_ROLE,0.6170940170940171,,
2025-04-30,OVERALL,0.616695059625213,,
2025-04-30,HOME_ROLE,0.616695059625213,,
2025-04-30,AWAY_ROLE,0.616695059625213,,
2025-05-01,OVERALL,0.6162988115449916,,
2025-05-01,HOME_ROLE,0.6162988115449916,,
2025-05-01,AWAY_ROLE,0.6162988115449916,,
2025-05-02,OVERALL,0.6152542372881356,,
2025-05-02,HOME_ROLE,0.6152542372881356,,
2025-05-02,AWAY_ROLE,0.6152542372881356,,
2025-05-03,OVERALL,0.6159052453468697,,
2025-05-03,HOME_ROLE,0.6159052453468697,,
2025-05-03,AWAY_ROLE,0.6159052453468697,,
2025-05-04,OVERALL,0.6155143338954469,,
2025-05-04,HOME_ROLE,0.6155143338954469,,
2025-05-04,AWAY_ROLE,0.6155143338954469,,
2025-05-05,OVERALL,0.6134453781512605,,
2025-05-05,HOME_ROLE,0.6134453781512605,,
2025-05-05,AWAY_ROLE,0.6134453781512605,,
2025-05-06,OVERALL,0.6113902847571189,,
2025-05-06,HOME_ROLE,0.6113902847571189,,
2025-05-06,AWAY_ROLE,0.6113902847571189,,
2025-05-07,OVERALL,0.6110183639398998,,
2025-05-07,HOME_ROLE,0.6110183639398998,,
2025-05-07,AWAY_ROLE,0.6110183639398998,,
2025-05-08,OVERALL,0.61,,
2025-05-08,HOME_ROLE,0.61,,
2025-05-08,AWAY_ROLE,0.61,,
2025-05-09,OVERALL,0.6096345514950167,,
2025-05-09,HOME_ROLE,0.6096345514950167,,
2025-05-09,AWAY_ROLE,0.6096345514950167,,
2025-05-10,OVERALL,0.6109271523178808,,
2025-05-10,HOME_ROLE,0.6109271523178808,,
2025-05-10,AWAY_ROLE,0.6109271523178808,,
